ID,Label,Glottocode,ISO639P3code,Name,Family,Latitude,Longitude,Project,ProjectFile,EntryDate,Comment,Link,Set
p_abuiabui1241,Abui_abui1241,abui1241,abz,Abui,,-8.31058,124.588,parabank,Abui abui1241.txt,20170621,,,Parabank
p_achineseachi1257,Achinese_achi1257,achi1257,ace,Acehnese,Austronesian,3.90757,96.6032,parabank,Achinese achi1257.txt,20170718,,https://collectionscanada.gc.ca/obj/s4/f2/dsk2/ftp01/MQ37156.pdf,Parabank
p_adangadan1251,Adang_adan1251,adan1251,adn,Adang,,-8.18958,124.448,parabank,Adang adan1251.txt,20170621,,,Parabank
p_agobendekawamagob1244,Agob-Ende-Kawam_agob1244,agob1244,kit,Agob-Ende-Kawam,,-9.08521,142.532,parabank,Agob-Ende-Kawam agob1244.txt,20171204,,,Parabank
p_aklanonakla1241,Aklanon_akla1241,akla1241,akl,Aklanon,Austronesian,11.5543,122.354,parabank,Aklanon akla1241.txt,20170614,,,Parabank
p_alanganalan1249,Alangan_alan1249,alan1249,alj,Alangan,Austronesian,13.0982,121.022,parabank,Alangan alan1249.txt,20170616,,,Parabank
p_ampibabolaujeampi1237,Ampibabo_Lauje_ampi1237,ampi1237,,Ampibabo,Austronesian,,,parabank,Ampibabo Lauje ampi1237.txt,20161207,,,Parabank
p_anejomanei1239,Anejom_anei1239,anei1239,aty,Aneityum,Austronesian,-20.1864,169.825,parabank,Anejom anei1239.txt,20161207,,,Parabank
p_aniwaaniw1237,Aniwa_aniw1237,aniw1237,,Aniwa,Austronesian,,,parabank,Aniwa aniw1237.txt,20170514,,,Parabank
p_anutaanut1237,Anuta_anut1237,anut1237,aud,Anuta,Austronesian,-11.61,169.85,parabank,Anuta anut1237.txt,,,,Parabank
p_arabanaarab1267a,Arabana_arab1267a,arab1267,ard,Arabana,Pama-Nyungan,-28.705,135.449,parabank,Arabana arab1267.txt,20170127,,,Parabank
p_arakiarak1252,Araki_arak1252,arak1252,akr,Araki,Austronesian,-15.632997,166.952542,parabank,Araki arak1252.txt,20161205,,,Parabank
p_arearearea1240,'Are'are_area1240,area1240,alu,'Are'are,Austronesian,-9.20699,161.158,parabank,'Are'are area1240.txt,20170407,,,Parabank
p_ariamoukariamouk1240a,Aria_(Mouk-Aria)_mouk1240a,mouk1240,,Mouk,Austronesian,,,parabank,Aria (Mouk-Aria) mouk1240a.txt,,,,Parabank
p_arosiaros1241,Arosi_aros1241,aros1241,aia,Arosi,Austronesian,-10.2441,161.432,parabank,Arosi aros1241.txt,20170404,,,Parabank
p_aseraaser1237,Asera_aser1237,aser1237,,Asera,Austronesian,,,parabank,Asera aser1237.txt,20161209,,,Parabank
p_asfauslanaust1271,ASF_Auslan_aust1271,aust1271,asf,Auslan,,-30,145,parabank,ASF_Auslan_aust1271.txt,20191115,,,Parabank
p_atchinatch1238,Atchin_atch1238,atch1238,,Atchin,Austronesian,,,parabank,Atchin atch1238.txt,20170602,,,Parabank
p_atoniuabmetouabm1237,Atoni_(Uab_Meto)_uabm1237,uabm1237,aoz,Uab Meto,Austronesian,-9.77284,124.144,parabank,Atoni (Uab Meto) uabm1237.txt,20170614,,,Parabank
p_attaatta1244,Atta_atta1244,atta1244,,Atta,Austronesian,,,parabank,Atta atta1244.txt,,,,Parabank
p_avatimeavat1244,Avatime_avat1244,avat1244,avn,Avatime,Atlantic-Congo,6.8688,0.41314,parabank,Avatime_avat1244.txt,20191112,,,Parabank
p_avavabangasadialectkatb1237,Avava_(Bangasa_Dialect)_katb1237,katb1237,tmb,Avava,Austronesian,-16.2701,167.484,parabank,Avava (Bangasa Dialect) katb1237.txt,20171030,,,Parabank
p_avavakatb1237a,Avava_katb1237a,katb1237,tmb,Avava,Austronesian,-16.2701,167.484,parabank,Avava katb1237a.txt,,,,Parabank
p_avavaniviardialectkatb1237b,Avava_(Niviar_Dialect)_katb1237b,katb1237,tmb,Avava,Austronesian,-16.2701,167.484,parabank,Avava (Niviar Dialect) katb1237b.txt,,,,Parabank
p_ayiwoayiw1239,Ayiwo_ayiw1239,ayiw1239,nfl,Äiwoo,Austronesian,-10.282595,166.328715,parabank,Ayiwo ayiw1239.txt,20180416,,,Parabank
p_bacanesemalaybacanbaca1243,Bacanese_Malay_(Bacan)_baca1243,baca1243,btj,Bacanese Malay,Austronesian,-0.62275,127.49,parabank,Bacanese Malay (Bacan) baca1243.txt,20170608,Data incomplete and source word list requires interpretation,,Parabank
p_bahonsuaibaho1237,Bahonsuai_baho1237,baho1237,bsu,Bahonsuai,Austronesian,-2.22572,121.707,parabank,Bahonsuai baho1237.txt,20161209,,,Parabank
p_balaesangbala1314,Balaesang_bala1314,bala1314,bls,Balaesang,Austronesian,-0.05644,119.689,parabank,Balaesang bala1314.txt,20161207,,,Parabank
p_balangaobala1310,Balangao_bala1310,bala1310,blw,Balangao,Austronesian,17.0994,121.272,parabank,Balangao bala1310.txt,,,,Parabank
p_balinesebali1278,Balinese_bali1278,bali1278,ban,Balinese,Austronesian,-8.35714,115.075,parabank,Balinese bali1278.txt,20170718,,collectionscanada.gc.ca/obj/s4/f2/dsk2/ftp01/MQ37156.pdf,Parabank
p_banjarbanj1239,Banjar_banj1239,banj1239,bjn,Banjar,Austronesian,0.747105,115.79,parabank,Banjar banj1239.txt,20170718,,collectionscanada.gc.ca/obj/s4/f2/dsk2/ftp01/MQ37156.pdf,Parabank
p_bannonibann1247,Bannoni_bann1247,bann1247,bcm,Bannoni,Austronesian,-6.23061,155.128,parabank,Bannoni bann1247.txt,20170614,,,Parabank
p_barabethanohano1246a,Barabet_(Hano)_hano1246a,hano1246,lml,Hano,Austronesian,-15.5432,168.167,parabank,Barabet (Hano) hano1246a.txt,,,,Parabank
p_bardibard1254,Bardi_bard1254,bard1254,,Bardic,,,,parabank,Bardi bard1254.txt,,Bowern 2012:42-43,,Parabank
p_bariokelabitbari1288,Bario_Kelabit_bari1288,bari1288,,Bario,Austronesian,,,parabank,Bario Kelabit bari1288.txt,20170614,,https://books.google.de/books?id=ScykJxGVNXYC&pg=PA96&lpg=PA96&dq=kelabit+kinship&source=bl&ots=b6oYHySdrG&sig=OqoGIumbOlPCdywSbgn-6LYy82Q&hl=en&sa=X&ved=0ahUKEwif99qo87zUAhWHKVAKHbHbApoQ6AEIKDAA#v=onepage&q=kelabit%20kinship&f=false,Parabank
p_barokkarubaro1253,Barok_(Karu)_baro1253,baro1253,bjk,Barok,Austronesian,-3.47672,152.193,parabank,Barok (Karu) baro1253.txt,20170326,,,Parabank
p_bataktobabata1289,Batak_Toba_bata1289,bata1289,bbc,Batak Toba,Austronesian,2.35498,99.1761,parabank,Batak Toba bata1289.txt,20170718,,collectionscanada.gc.ca/obj/s4/f2/dsk2/ftp01/MQ37156.pdf,Parabank
p_baujagoibidayuhbaub1235,Bau-Jagoi_Bidayuh_baub1235,baub1235,sne,Bau-Jagoi Bidayuh,Austronesian,1.54467,109.985,parabank,Bau-Jagoi Bidayuh baub1235.txt,20170717,,http://amangalui.blogspot.de/2012/02/kinship-in-bidayuh-community.html,Parabank
p_biakbiak1248,Biak_biak1248,biak1248,bhw,Biak,Austronesian,-0.9523,135.879,parabank,Biak biak1248.txt,20170709,,,Parabank
p_bierebobier1244,Bierebo_bier1244,bier1244,bnk,Bierebo,Austronesian,-16.6663,168.154,parabank,Bierebo bier1244.txt,,,,Parabank
p_bignambasbign1238,Big_Nambas_bign1238,bign1238,nmb,Big Nambas,Austronesian,-16.0903,167.239,parabank,Big Nambas bign1238.txt,20171026,,,Parabank
p_bignambasbign1238a,Big_Nambas_bign1238a,bign1238,nmb,Big Nambas,Austronesian,-16.0903,167.239,parabank,Big Nambas bign1238a.txt,,,,Parabank
p_bilibilbilb1241,Bilibil_bilb1241,bilb1241,brz,Bilibil,Austronesian,-5.26505,145.764,parabank,Bilibil bilb1241.txt,20170614,,,Parabank
p_bininjkunwokgunw1252,Bininj_Kun-wok_gunw1252,gunw1252,gup,Bininj Kun-Wok,,-12.3398,133.358,parabank,Bininj Kun-wok gunw1252.txt,,,http://bininjgunwok.org.au/information/kinship/,Parabank
p_binukidtalaandigbinukidbinu1244,Binukid_(Talaandig-Binukid)_binu1244,binu1244,bkd,Talaandig-Binukid,Austronesian,8.15933,124.892,parabank,Binukid (Talaandig-Binukid) binu1244.txt,,,,Parabank
p_blagarblag1240,Blagar_blag1240,blag1240,beu,Blagar,,-8.31787,124.251,parabank,Blagar blag1240.txt,20170621,,,Parabank
p_boanosulawesiboan1243,Boano_(Sulawesi)_boan1243,boan1243,bzl,Boano (Sulawesi),Austronesian,0.51152,120.992,parabank,Boano (Sulawesi) boan1243.txt,20161207,,,Parabank
p_bontokbont1247,Bontok_bont1247,bont1247,bnc,Bontok,Austronesian,17.09386,121.02662,parabank,Bontok bont1247.txt,20170406,,,Parabank
p_brookespointpalawanobroo1239,Brooke's_Point_Palawano_broo1239,broo1239,plw,Brooke's Point Palawano,Austronesian,8.83891,117.871,parabank,Brooke's Point Palawano broo1239.txt,20170711,,,Parabank
p_bruneisabahmalaymalaysaba1263,Brunei-Sabah_Malay_(Malay)_saba1263,saba1263,msi,Brunei-Sabah Malay,Austronesian,4.64808,117.024,parabank,Brunei-Sabah Malay (Malay) saba1263.txt,20170406,,,Parabank
p_buhidbuhi1245,Buhid_buhi1245,buhi1245,bku,Buhid,Austronesian,12.6396,121.21,parabank,Buhid buhi1245.txt,20170616,,,Parabank
p_buinbuin1247,Buin_buin1247,buin1247,,Buin,,,,parabank,Buin buin1247.txt,20161202,,,Parabank
p_bukatbuka1261,Bukat_buka1261,buka1261,bvk,Bukat,Austronesian,1.29075,113.246,parabank,Bukat buka1261.txt,20170614,,,Parabank
p_bulibuli1256,Buli_buli1256,buli1256,,Buli,Austronesian,,,parabank,Buli buli1256.txt,20170612,Data incomplete and source word list requires interpretation,,Parabank
p_bunganditjbung1264,Bunganditj_bung1264,bung1264,xbg,Bunganditj,Pama-Nyungan,-36.5,140.5,parabank,Bunganditj bung1264.txt,20161202,"-ngayn (-ine) = my, -ngun (-on) = your, -n[h]ung = his/her",,Parabank
p_bungkubung1269,Bungku_bung1269,bung1269,bkz,Bungku,Austronesian,-3.22197,122.212,parabank,Bungku bung1269.txt,20161209,,,Parabank
p_buruindonesiaburu1303,Buru_(Indonesia)_buru1303,buru1303,mhs,Buru (Indonesia),Austronesian,-3.43957,126.632,parabank,Buru (Indonesia) buru1303.txt,20170614,,,Parabank
p_butmasturbutm1237,Butmas-Tur_butm1237,butm1237,bnr,Farafi,Austronesian,-15.3353,167.034,parabank,Butmas-Tur butm1237.txt,20180109,,,Parabank
p_casigurandumagatagtacasi1235,Casiguran_Dumagat_Agta_casi1235,casi1235,dgc,Casiguran-Nagtipunan Agta,Austronesian,16.2176,121.878,parabank,Casiguran Dumagat Agta casi1235.txt,20170327,,,Parabank
p_cebuanocebu1242,Cebuano_cebu1242,cebu1242,ceb,Cebuano,Austronesian,8.38799,124.367,parabank,Cebuano cebu1242.txt,20170614,,,Parabank
p_centralcagayanagtacent2084,Central_Cagayan_Agta_cent2084,cent2084,agt,Central Cagayan Agta,Austronesian,17.9571,121.857,parabank,Central Cagayan Agta cent2084.txt,2017025,,,Parabank
p_centralmelanaucent2101,Central_Melanau_cent2101,cent2101,mel,Central Melanau,Austronesian,2.524086,111.346451,parabank,Central Melanau cent2101.txt,20170704,,,Parabank
p_centralsamacent2092,Central_Sama_cent2092,cent2092,sml,Central Sama,Austronesian,7.004574,118.455978,parabank,Central Sama cent2092.txt,20170714,,http://sinama.org/2014/03/sama-tausug-kinship-terminology/,Parabank
p_centralsubanensubanungcent2089,Central_Subanen_(Subanung)_cent2089,cent2089,syb,Central Subanen,Austronesian,8.12701,123.018,parabank,Central Subanen (Subanung) cent2089.txt,20170406,,,Parabank
p_centraltagbanwacent2090,Central_Tagbanwa_cent2090,cent2090,tgt,Central Tagbanwa,Austronesian,10.6519,119.338,parabank,Central Tagbanwa cent2090.txt,20170718,,,Parabank
p_chamarrocham1312,Chamarro_cham1312,cham1312,cha,Chamorro,Austronesian,13.438011,144.74474,parabank,Chamarro cham1312.txt,20170614,,,Parabank
p_chavacanochav1241,Chavacano_chav1241,chav1241,cbk,Chavacano,Indo-European,7.435034,122.18849,parabank,Chavacano chav1241.txt,,,,Parabank
p_chekeholochek1238,Cheke_Holo_chek1238,chek1238,mrn,Cheke Holo,Austronesian,-8.27055,159.625,parabank,Cheke Holo chek1238.txt,20170531,,,Parabank
p_chepangchep1245,Chepang_chep1245,chep1245,cdm,Chepang,Sino-Tibetan,27.7206,84.9017,parabank,Chepang chep1245.txt,20161208,,,Parabank
p_chuukesetrukesechuu1238,Chuukese_(Trukese)_chuu1238,chuu1238,chk,Chuukese,Austronesian,7.346993,151.598607,parabank,Chuukese (Trukese) chuu1238.txt,,,,Parabank
p_cotabatomanobocota1241,Cotabato_Manobo_cota1241,cota1241,mta,Cotabato Manobo,Austronesian,6.39417,124.234,parabank,Cotabato Manobo cota1241.txt,20170703,,,Parabank
p_daakieport1286,Daakie_port1286,port1286,ptv,Daakie,Austronesian,-16.3083,168.046,parabank,Daakie port1286.txt,20171013,,,Parabank
p_dakakadaka1243,Dakaka_daka1243,daka1243,bpa,Dakaka,Austronesian,-16.2696,168.013,parabank,Dakaka daka1243.txt,20171013,,,Parabank
p_dalabonngal1292,Dalabon_ngal1292,ngal1292,ngk,Ngalkbun,,-13.9783,133.936,parabank,Dalabon ngal1292.txt,,"kin terms are normally suffixed with an appropriate possessive suffix, e.g. bulungan /buluŋan/ 'my father', buluno 'his/her father' etc. Just the bare stems are given in these lists",,Parabank
p_dampelasdamp1237,Dampelas_damp1237,damp1237,dms,Dampelas,Austronesian,0.70234,120.219,parabank,Dampelas damp1237.txt,20161207,,,Parabank
p_dehongdeho1238,Dehong_deho1238,deho1238,,Dehong,Tai-Kadai,,,parabank,Dehong deho1238.txt,20170106,,,Parabank
p_dehudehu1237,Dehu_dehu1237,dehu1237,dhv,Dehu,Austronesian,-20.8892,167.229,parabank,Dehu dehu1237.txt,20170404,,,Parabank
p_dharumbaldhar1248a,Dharumbal_dhar1248a,dhar1248,xgm,Dharumbal,Pama-Nyungan,-23.307,150.593,parabank,Dharumbal dhar1248.txt,20161205,,,Parabank
p_dhuwaldhuwalayolngudhuw1248,Dhuwal-Dhuwala_(Yolngu)_dhuw1248,dhuw1248,,Dhuwal-Dhuwala,Pama-Nyungan,,,parabank,Dhuwal-Dhuwala (Yolngu) dhuw1248.txt,20180116,,,Parabank
p_diyaridier1241a,Diyari_dier1241a,dier1241,dif,Dieri,Pama-Nyungan,-28.1667,138,parabank,Diyari dier1241.txt,20170321,,,Parabank
p_djapudhuw1249,Djapu_dhuw1249,dhuw1249,duj,Dhuwal,Pama-Nyungan,-12.7825,136.008,parabank,Djapu dhuw1249.txt,20170320,,,Parabank
p_djinangdjin1253a,Djinang_djin1253a,djin1253,dji,Djinang,Pama-Nyungan,-12.462,134.82,parabank,Djinang djin1253.txt,20170321,,,Parabank
p_dobudobu1241,Dobu_dobu1241,dobu1241,dob,Dobu,Austronesian,-9.63239,150.825,parabank,Dobu dobu1241.txt,20170616,,,Parabank
p_dondodond1249,Dondo_dond1249,dond1249,dok,Dondo,Austronesian,0.80348,120.707,parabank,Dondo dond1249.txt,20161207,,,Parabank
p_dunaduna1248,Duna_duna1248,duna1248,duc,Duna,,-5.41439,142.475,parabank,Duna duna1248.txt,20191122,,,Parabank
p_dupaninganagatdupa1235,Dupaningan_Agat_dupa1235,dupa1235,duo,Dupaninan Agta,Austronesian,17.3748,122.188,parabank,Dupaningan Agat dupa1235.txt,20161128,,,Parabank
p_duungidjawuduun1241,Duungidjawu_duun1241,duun1241,,Duungidjawu,Pama-Nyungan,,,parabank,Duungidjawu duun1241.txt,20161201,,,Parabank
p_dzonghkalhopdzon1239,Dzonghka_Lhop_dzon1239,dzon1239,dzo,Dzongkha,Sino-Tibetan,27.410786,89.581604,parabank,Dzonghka Lhop dzon1239.txt,,Cousin terminology depends on birth order of speaker and cousin.,https://scholarspace.manoa.hawaii.edu/handle/10125/26148,Parabank
p_dzonghkashadzon1239,Dzonghka_Sha_dzon1239,dzon1239,dzo,Dzongkha,Sino-Tibetan,27.410786,89.581604,parabank,Dzonghka Sha dzon1239.txt,,Cousin terminology depends on birth order of speaker and cousin.,https://scholarspace.manoa.hawaii.edu/handle/10125/26148,Parabank
p_dzonghkawangwang1287,Dzonghka_Wang_wang1287,wang1287,,Wang-The,Sino-Tibetan,,,parabank,Dzonghka Wang wang1287.txt,,,,Parabank
p_eastambaelolovolieast2443,East_Ambae_(Lolovoli)_east2443,east2443,omb,East Ambae,Austronesian,-15.3523,167.89,parabank,East Ambae (Lolovoli) east2443.txt,,,,Parabank
p_eastfutunaeast2447,East_Futuna_east2447,east2447,fud,East Futuna,Austronesian,-14.278717,-178.137222,parabank,East Futuna east2447.txt,,,,Parabank
p_eastkaveeast2516,East_Kewa_east2516,east2516,kjs,East Kewa,Nuclear Trans New Guinea,-6.32989,143.931,parabank,East_Kewa_east2516.txt,20170328,,,Parabank
p_emaemaeemae1237,Emae_(Mae)_emae1237,emae1237,mmw,Emae,Austronesian,-17.052,168.399,parabank,Emae (Mae) emae1237.txt,20171031,,,Parabank
p_emauemaoislandemau1237,Emau_(Emao_Island)_emau1237,emau1237,,Emau,Austronesian,,,parabank,Emau (Emao Island) emau1237.txt,20180123,,,Parabank
p_endepapuanewguineaende1235,Ende_(Papua_New_Guinea)_ende1235,ende1235,,Ende (Papua New Guinea),,-8.957786,142.240799,parabank,Ende (Papua New Guinea) ende1235.txt,20171113,,,Parabank
p_englishstan1293,English_stan1293,stan1293,eng,English,Indo-European,53,-1,parabank,English stan1293.txt,,,,Parabank
p_eravesouthkewaerav1244,Erave_(South_Kewa)_erav1244,erav1244,kjy,Erave,Nuclear Trans New Guinea,-6.55011,143.918,parabank,Erave (South Kewa) erav1244.txt,20170401,,,Parabank
p_fijianfiji1243,Fijian_fiji1243,fiji1243,fij,Fijian,Austronesian,-18,178.33,parabank,Fijian fiji1243.txt,,,,Parabank
p_finnishfinn1318,Finnish_finn1318,finn1318,fin,Finnish,Uralic,64.7628,25.5577,parabank,Finnish finn1318.txt,20170901,,,Parabank
p_fortsenalkiaifort1240,Fortsenal_(Kiai)_fort1240,fort1240,frt,Kiai,Austronesian,-15.4484,166.931,parabank,Fortsenal (Kiai) fort1240.txt,20171108,,,Parabank
p_futunaaniwafutu1245,Futuna-Aniwa_futu1245,futu1245,fut,Futuna-Aniwa,Austronesian,-19.5303,170.215,parabank,Futuna-Aniwa futu1245.txt,20170530,,,Parabank
p_gadanggada1258,Ga'dang_gada1258,gada1258,gdg,Ga'dang,Austronesian,17.2238,121.455,parabank,Ga'dang gada1258.txt,,,,Parabank
p_galeiaagale1259,Galeia_A_gale1259,gale1259,gbi,Galela,,2.31461,128.44,parabank,Galeia A gale1259.txt,20170612,Data incomplete and source word list requires interpretation,,Parabank
p_galeiabgale1259,Galeia_B_gale1259,gale1259,gbi,Galela,,2.31461,128.44,parabank,Galeia B gale1259.txt,20170612,Data incomplete and source word list requires interpretation,,Parabank
p_ganegimangane1237,Gane_(Gimán)_gane1237,gane1237,gzn,Gane,Austronesian,-0.42618,127.976,parabank,Gane (Gimán) gane1237.txt,20170612,Data incomplete and source word list requires interpretation,,Parabank
p_ganggalidagang1267,Ganggalida_gang1267,gang1267,gcd,Ganggalida,,-17.5446,139.426,parabank,Ganggalida gang1267.txt,,"Ganggalida (Yukulta) language, Tangkic Family, sources are Keen 1983 and Nancarrow 2014. So far entered as far as grandkin terms",,Parabank
p_gayogayo1244,Gayo_gayo1244,gayo1244,gay,Gayo,Austronesian,4.3733,97.3456,parabank,Gayo gayo1244.txt,20170402,,,Parabank
p_gelagela1263,Gela_gela1263,gela1263,nlg,Gela,Austronesian,-9.04587,160.186,parabank,Gela gela1263.txt,20170707,,,Parabank
p_germanstan1295,German_stan1295,stan1295,deu,German,Indo-European,48.649,12.4676,parabank,German stan1295.txt,,,,Parabank
p_guigwigwii1239,Gui_(Gwi)_gwii1239,gwii1239,gwj,/Gwi,,-22.2708,21.9431,parabank,Gui (Gwi) gwii1239.txt,,"terms after slash (/) are address terms (only nominal, not verbal). G|ui kinship terms are nomino-verbal and sex distinction is signaled with enclitics.",,Parabank
p_guuguyimidhirrgugu1255a,Guugu_Yimidhirr_gugu1255a,gugu1255,kky,Guugu Yimidhirr,Pama-Nyungan,-14.9424,144.831,parabank,Guugu Yimidhirr gugu1255.txt,20171209,,,Parabank
p_hanunoohanu1241,Hanunoo_hanu1241,hanu1241,hnn,Hanunoo,Austronesian,12.4159,121.221,parabank,Hanunoo hanu1241.txt,20170616,,,Parabank
p_hawaiihawa1245,Hawaii_hawa1245,hawa1245,haw,Hawaiian,Austronesian,19.6297,-155.43,parabank,Hawaii hawa1245.txt,,,,Parabank
p_hiligaynonhili1240,Hiligaynon_hili1240,hili1240,hil,Hiligaynon,Austronesian,10.4018,122.974,parabank,Hiligaynon hili1240.txt,,,,Parabank
p_hiwhiww1237,Hiw_hiww1237,hiww1237,hiw,Hiw,Austronesian,-13.126367,166.584857,parabank,Hiw hiww1237.txt,20171101,,,Parabank
p_ibaloinabaloiibal1244,Ibaloi_(Nabaloi)_ibal1244,ibal1244,ibl,Ibaloi,Austronesian,16.4263,120.695,parabank,Ibaloi (Nabaloi) ibal1244.txt,20170406,,,Parabank
p_ibanagiban1267,Ibanag_iban1267,iban1267,ibg,Ibanag,Austronesian,17.4201,121.891,parabank,Ibanag iban1267.txt,20170620,,,Parabank
p_ibaniban1264,Iban_iban1264,iban1264,iba,Iban,Austronesian,2.09041,112.934,parabank,Iban iban1264.txt,20170620,,,Parabank
p_idaanidaa1241,Ida'an_idaa1241,idaa1241,dbj,Ida'an,Austronesian,5.29059,118.515,parabank,Ida'an idaa1241.txt,20170620,,,Parabank
p_idinucl1597,Idi_nucl1597,nucl1597,idi,Idi,,-8.75976,142.301,parabank,Idi nucl1597.txt,,,,Parabank
p_ifugawifugaoifug1247,Ifugaw_(Ifugao)_ifug1247,ifug1247,,Ifugaw,Austronesian,,,parabank,Ifugaw (Ifugao) ifug1247.txt,20170406,,,Parabank
p_iliuuniliu1237,Ili'uun_iliu1237,iliu1237,ilu,Ili'uun,Austronesian,-7.84385,125.902,parabank,Ili'uun iliu1237.txt,20170616,,,Parabank
p_ilokanoilok1237,Ilokano_ilok1237,ilok1237,ilo,Iloko,Austronesian,15.9361,120.993,parabank,Ilokano ilok1237.txt,20170620,,,Parabank
p_inanwatansuaboinan1242,Inanwatan_(Suabo)_inan1242,inan1242,,Inanwatan,,,,parabank,Inanwatan (Suabo) inan1242.txt,20170402,,,Parabank
p_indonesianbajauindo1317,Indonesian_Bajau_indo1317,indo1317,bdl,Indonesian Bajau,Austronesian,-3.68664,122.253,parabank,Indonesian Bajau indo1317.txt,,,,Parabank
p_indonesianindo1316,Indonesian_indo1316,indo1316,ind,Indonesian,Austronesian,-7.33458,109.716,parabank,Indonesian indo1316.txt,20170621,,,Parabank
p_irayairay1237,Iraya_iray1237,iray1237,iry,Iraya,Austronesian,13.381,120.65,parabank,Iraya iray1237.txt,20170616,,,Parabank
p_isakakrisakris1246,I'saka_(Krisa)_kris1246,kris1246,ksi,I'saka,,-2.80084,141.303,parabank,I'saka (Krisa) kris1246.txt,20161201,,,Parabank
p_isnagisna1241,Isnag_isna1241,isna1241,isd,Isnag,Austronesian,18.2139,121.16,parabank,Isnag isna1241.txt,,,,Parabank
p_itbayativat1242,Itbayat_ivat1242,ivat1242,ivv,Itbayat,Austronesian,20.77,121.85,parabank,Itbayat ivat1242.txt,20170620,,,Parabank
p_itnegbinonganbino1237,Itneg_(Binongan)_bino1237,bino1237,itb,Binongan Itneg,Austronesian,17.5972,120.876,parabank,Itneg (Binongan) bino1237.txt,,,,Parabank
p_jahaijehaijeha1242,Jahai_(Jehai)_jeha1242,jeha1242,jhi,Jehai,Austroasiatic,5.63695,101.541,parabank,Jahai (Jehai) jeha1242.txt,20161130,,,Parabank
p_javanesejava1254,Javanese_java1254,java1254,jav,Javanese,Austronesian,-7.001,109.287,parabank,Javanese java1254.txt,20170621,,,Parabank
p_jinghpawjing1260,Jinghpaw_jing1260,jing1260,,Jingpho,Sino-Tibetan,,,parabank,Jinghpaw_jing1260.txt,20191113,,,Parabank
p_jinguludjin1251,Jingulu_djin1251,djin1251,jig,Jingulu,,-17.165,133.659,parabank,Jingulu djin1251.txt,,,,Parabank
p_kadaikada1286,Kadai_kada1286,kada1286,kzd,Kadai,Austronesian,-1.74547,125.142,parabank,Kadai kada1286.txt,20170608,Data incomplete and source word list requires interpretation,,Parabank
p_kalalagawyakala1377,Kala_Lagaw_Ya_kala1377,kala1377,mwp,Kala Lagaw Ya,Pama-Nyungan,-10.6748,142.196,parabank,Kala Lagaw Ya kala1377.txt,20170322,,,Parabank
p_kalamangkara1499,Kalamang_kara1499,kara1499,kgv,Kalamang,,-3.47037,132.678,parabank,Kalamang kara1499.txt,20170607,,,Parabank
p_kalamkala1397,Kalam_kala1397,kala1397,kmh,Kalam,Nuclear Trans New Guinea,-5.25216,144.585,parabank,Kalam kala1397.txt,20161129,,,Parabank
p_kalingaahinkayapakalanguyaahin1234,Kalinga_(Ahin-Kayapa_Kalanguya)_ahin1234,ahin1234,kak,Ahin-Kayapa Kalanguya,Austronesian,16.321,120.90003,parabank,Kalinga (Ahin-Kayapa Kalanguya) ahin1234.txt,20170621,Kinship terms may have come from Ilokano,,Parabank
p_kamangkama1365,Kamang_kama1365,kama1365,woi,Kamang,,-8.26897,124.792,parabank,Kamang kama1365.txt,20170621,,,Parabank
p_kamberakamb1299,Kambera_kamb1299,kamb1299,xbr,Kambera,Austronesian,-9.88447,120.235,parabank,Kambera kamb1299.txt,20170614,,,Parabank
p_kankanaeykankanaikank1243,Kankanaey_(Kankanai)_kank1243,kank1243,kne,Kankanaey,Austronesian,16.8548,120.689,parabank,Kankanaey (Kankanai) kank1243.txt,20170406,,,Parabank
p_kanumkanu1280,Kanum_kanu1280,kanu1280,,Kanum,,,,parabank,Kanum kanu1280.txt,20170322,,,Parabank
p_kapingamarangikapi1249a,Kapingamarangi_kapi1249a,kapi1249,kpg,Kapingamarangi,Austronesian,1.039166,154.797223,parabank,Kapingamarangi kapi1249.txt,20170516,,,Parabank
p_kashayakash1280,Kashaya_kash1280,kash1280,kju,Kashaya,,38.5424,-123.08,parabank,Kashaya kash1280.txt,20180413,,,Parabank
p_kayardildkaya1318,Kayardild_kaya1318,kaya1318,,Kayardild-Yangkaal,,,,parabank,Kayardild kaya1318.txt,,,,Parabank
p_khalkhamongolianmong1331,Khalkha-Mongolian_mong1331,mong1331,mon,Mongolian,,,,parabank,Khalkha-Mongolian mong1331.txt,20191112,,,Parabank
p_kilivilakili1267,Kilivila_kili1267,kili1267,kij,Kilivila,Austronesian,-8.72574,151.072,parabank,Kilivila kili1267.txt,20170627,,,Parabank
p_kiputkipu1237,Kiput_kipu1237,kipu1237,kyi,Kiput,Austronesian,4.16535,114.367,parabank,Kiput kipu1237.txt,20161202,,,Parabank
p_kiramankira1248,Kiraman_kira1248,kira1248,,Kiramang,,,,parabank,Kiraman kira1248.txt,20170621,,,Parabank
p_kiwaiankiwa1251,Kiwaian_kiwa1251,kiwa1251,,Kiwaian,,,,parabank,Kiwaian kiwa1251.txt,,,,Parabank
p_klonklon1234,Klon_kelo1247,kelo1247,,Klon-Kafoa,,,,parabank,Klon kelo1247.txt,20161124,,,Parabank
p_kodeohakode1237,Kodeoha_kode1237,kode1237,vko,Kodeoha,Austronesian,-3.39566,120.937,parabank,Kodeoha kode1237.txt,20161209,,,Parabank
p_kogicogu1240,Kogi_cogu1240,cogu1240,kog,Cogui,,10.9485,-73.8043,parabank,Kogi_cogu1240.txt,20191115,,,Parabank
p_koiarigras1249,Koiari_gras1249,gras1249,kbk,Grass Koiari,,-9.51218,147.437,parabank,Koiari gras1249.txt,20161205,,,Parabank
p_kombakomb1273,Komba_komb1273,komb1273,kpf,Komba,Nuclear Trans New Guinea,-6.16163,147.28,parabank,Komba komb1273.txt,20171030,,,Parabank
p_komnzokomn1238,Komnzo_komn1238,komn1238,,Kómnjo,,,,parabank,Komnzo komn1238.txt,,"g represents /ŋg/ and th represents θ, in addition ə is inserted into certain clusters, so that orthographic <nge> is phonetic [nəŋge]",,Parabank
p_konawekona1243,Konawe_kona1243,kona1243,,Konawe,Austronesian,,,parabank,Konawe kona1243.txt,20161209,,,Parabank
p_koronikoro1311,Koroni_koro1311,koro1311,xkq,Koroni,Austronesian,-2.6367,121.977,parabank,Koroni koro1311.txt,20161209,,,Parabank
p_kristangmalaccacreoleportugesemala1533,Kristang_(Malacca_Creole_Portugese)_mala1533,mala1533,mcm,Malacca-Batavia Portuguese Creole,Indo-European,2.188087,102.262059,parabank,Kristang (Malacca Creole Portugese) mala1533.txt,20161201,,,Parabank
p_kuanuakuan1248,Kuanua_kuan1248,kuan1248,ksd,Kuanua,Austronesian,-4.30986,152.114,parabank,Kuanua kuan1248.txt,20170628,,,Parabank
p_kukuyalanjikuku1273,Kuku-Yalanji_kuku1273,kuku1273,gvn,Kuku-Yalanji,Pama-Nyungan,-16.0036,145.188,parabank,Kuku-Yalanji kuku1273.txt,20170321,,,Parabank
p_kulisusukuli1254,Kulisusu_kuli1254,kuli1254,vkl,Kulisusu,Austronesian,-4.58411,123.045,parabank,Kulisusu kuli1254.txt,20161209,,,Parabank
p_kunjenkunj1248,Kunjen_kunj1248,kunj1248,,Southwestern Alaya-Athima,Pama-Nyungan,,,parabank,Kunjen kunj1248.txt,20161128,,,Parabank
p_kuotkuot1243,Kuot_kuot1243,kuot1243,kto,Kuot,,-3.06952,151.537,parabank,Kuot kuot1243.txt,20170326,,,Parabank
p_kuukuyaukuuk1238,Kuuku_Ya'u_kuuk1238,kuuk1238,kuy,Kuuku-Ya'u,Pama-Nyungan,-12.4947,143.165,parabank,Kuuku Ya'u kuuk1238.txt,20171209,,,Parabank
p_kuwaruboun1245,Ku_Waru_boun1245,boun1245,mux,Bo-Ung,Nuclear Trans New Guinea,-5.8626,144.086,parabank,Ku_Waru boun1245.txt,20191122,,,Parabank
p_kwaiokwai1243,Kwaio_kwai1243,kwai1243,kwd,Kwaio,Austronesian,-8.93744,160.965,parabank,Kwaio kwai1243.txt,,,,Parabank
p_kwamerakwam1252,Kwamera_kwam1252,kwam1252,tnk,Kwamera,Austronesian,-19.5954,169.442,parabank,Kwamera kwam1252.txt,20170531,,,Parabank
p_kwomakwom1262,Kwoma_kwom1262,kwom1262,kmo,Kwoma,,-4.08721,142.664,parabank,Kwoma kwom1262.txt,20170125,,,Parabank
p_kyakakyak1244,Kyaka_kyak1244,kyak1244,kyc,Kyaka,Nuclear Trans New Guinea,-5.52462,144.119,parabank,Kyaka kyak1244.txt,20161205,,,Parabank
p_laiwuilaiw1239,Laiwui_laiw1239,laiw1239,,Laiwui,Austronesian,,,parabank,Laiwui laiw1239.txt,20161209,,,Parabank
p_lalomeruilalo1239,Lalomerui_lalo1239,lalo1239,,Lalomerui,Austronesian,,,parabank,Lalomerui lalo1239.txt,20161209,,,Parabank
p_lamahalotlama1277,Lamahalot_lama1277,lama1277,slp,Lamaholot,Austronesian,-8.36439,122.803,parabank,Lamahalot lama1277.txt,20170628,,,Parabank
p_lametinmere1242,Lametin_mere1242,mere1242,lmb,Merei,Austronesian,-15.2839,166.905,parabank,Lametin mere1242.txt,,,,Parabank
p_lamogailamo1244,Lamogai_lamo1244,lamo1244,lmg,Lamogai,Austronesian,-5.87071,149.321,parabank,Lamogai lamo1244.txt,20170110,,,Parabank
p_landeweland1259,Landewe_land1259,land1259,,Landawe,Austronesian,,,parabank,Landewe land1259.txt,20161209,,,Parabank
p_lardillard1243,Lardil_lard1243,lard1243,lbz,Lardil,,-16.56152,139.4343,parabank,Lardil lard1243.txt,20170501,,,Parabank
p_larevatlare1249,Larevat_lare1249,lare1249,lrv,Larevat,Austronesian,-16.1971,167.387,parabank,Larevat lare1249.txt,20171025,,,Parabank
p_latinlati1261a,Latin_lati1261a,lati1261,lat,Latin,Indo-European,41.9026,12.4502,parabank,Latin lati1261.txt,20161124,,,Parabank
p_laujelauj1238,Lauje_lauj1238,lauj1238,law,Lauje,Austronesian,0.50708,120.262,parabank,Lauje lauj1238.txt,20161207,,,Parabank
p_laulauu1247,Lau_lauu1247,lauu1247,llu,Lau,Austronesian,-8.51018,160.872,parabank,Lau lauu1247.txt,,,,Parabank
p_lavatburalamusongkonobinlava1239,Lavatbura-lamusong_(Konobin)_lava1239,lava1239,lbv,Lavatbura-Lamusong,Austronesian,-3.21903,151.728,parabank,Lavatbura-lamusong (Konobin) lava1239.txt,20170326,,,Parabank
p_lelepalele1267,Lelepa_lele1267,lele1267,lpa,Lelepa,Austronesian,-17.6042,168.202,parabank,Lelepa lele1267.txt,20171108,,,Parabank
p_lenakellena1238,Lenakel_lena1238,lena1238,tnl,Lenakel,Austronesian,-19.4763,169.261,parabank,Lenakel lena1238.txt,20170530,,,Parabank
p_letemboirepanbitiplete1241,Letemboi-Repanbitip_lete1241,lete1241,nms,Letemboi-Repanbitip,Austronesian,-16.4339,167.566,parabank,Letemboi-Repanbitip lete1241.txt,,"angk = third person singular possessive, gutami = first person possessive (my father), gutaman = second person possessive (your father), gutamangk = third person possessive (his/her father)",,Parabank
p_lewolewo1242,Lewo_lewo1242,lewo1242,lww,Lewo,Austronesian,-16.7612,168.334,parabank,Lewo lewo1242.txt,20171113,,https://openresearch-repository.anu.edu.au/handle/1885/132959,Parabank
p_limilnganlimi1242,Limilngan_limi1242,limi1242,,Limilngan-Wulna,,,,parabank,Limilngan limi1242.txt,20161205,,,Parabank
p_lisulisu1250a,Lisu_lisu1250a,lisu1250,lis,Lisu,Sino-Tibetan,26.91,98.94,parabank,Lisu lisu1250a.txt,,,,Parabank
p_lisulisu1250b,Lisu_lisu1250b,lisu1250,lis,Lisu,Sino-Tibetan,26.91,98.94,parabank,Lisu lisu1250b.txt,,,,Parabank
p_lisulisu1250c,Lisu_lisu1250c,lisu1250,lis,Lisu,Sino-Tibetan,26.91,98.94,parabank,Lisu lisu1250c.txt,,,,Parabank
p_lisulisu1250d,Lisu_lisu1250d,lisu1250,lis,Lisu,Sino-Tibetan,26.91,98.94,parabank,Lisu lisu1250d.txt,,,,Parabank
p_lolodalabalodalolo1264,Loloda-Laba_(Loda)_lolo1264,lolo1264,loa,Loloda-Laba,,1.95461,127.772,parabank,Loloda-Laba (Loda) lolo1264.txt,20170612,Data incomplete and source word list requires interpretation,,Parabank
p_loniuloni1238,Loniu_loni1238,loni1238,los,Loniu,Austronesian,-2.06124,147.35,parabank,Loniu loni1238.txt,20170601,,,Parabank
p_lonwolwollonw1238,Lonwolwol_lonw1238,lonw1238,crc,Lonwolwol,Austronesian,-16.2286,168.016,parabank,Lonwolwol lonw1238.txt,20171010,,,Parabank
p_lotogalohloto1240,Lo-Toga_(Loh)_loto1240,loto1240,lht,Lo-Toga,Austronesian,-13.334872,166.634338,parabank,Lo-Toga (Loh) loto1240.txt,20171101,,,Parabank
p_luangiuaontongjavaonto1237,Luangiua_(Ontong_Java)_onto1237,onto1237,ojv,Luangiua,Austronesian,-5.49029,159.701,parabank,Luangiua (Ontong Java) onto1237.txt,20170516,,,Parabank
p_luburuakaralubu1242,Luburua_(Kara)_lubu1242,lubu1242,,Luburua,Austronesian,,,parabank,Luburua (Kara) lubu1242.txt,20170325,,,Parabank
p_maanyanmaan1238,Ma'anyan_maan1238,maan1238,mhy,Ma'anyan,Austronesian,-2.1239,115.092,parabank,Ma'anyan maan1238.txt,20170628,,,Parabank
p_mabaindonesiamaba1278,Maba_(Indonesia)_maba1278,maba1278,mqa,Maba (Indonesia),Austronesian,0.59011,128.418,parabank,Maba (Indonesia) maba1278.txt,20170612,Data incomplete and source word list requires interpretation,,Parabank
p_madakkonnosmada1284,Madak_(Konnos)_mada1284,mada1284,,Madak linkage,Austronesian,,,parabank,Madak (Konnos) mada1284.txt,20170326,,,Parabank
p_madolemodo1249,Madole_modo1249,modo1249,mqo,Modole,,1.40199,127.752,parabank,Madole modo1249.txt,20170612,Data incomplete and source word list requires interpretation,,Parabank
p_maduresenucl1460,Madurese_nucl1460,nucl1460,mad,Madurese,Austronesian,-7,113,parabank,Madurese nucl1460.txt,20170718,,collectionscanada.gc.ca/obj/s4/f2/dsk2/ftp01/MQ37156.pdf,Parabank
p_mafeamaveamafe1237,Mafea_(Mavea)_mafe1237,mafe1237,mkv,Mafea,Austronesian,-15.4316,167.241,parabank,Mafea (Mavea) mafe1237.txt,20171110,,,Parabank
p_magammaga1262,Magam_maga1262,maga1262,,Magam,Austronesian,,,parabank,Magam maga1262.txt,20171011,,,Parabank
p_maguindanaomagindonaomoromagu1243,Maguindanao_(Magindonao_Moro)_magu1243,magu1243,mdh,Maguindanao,Austronesian,6.9453,124.509,parabank,Maguindanao (Magindonao Moro) magu1243.txt,20170406,,,Parabank
p_maklewmakl1246,Maklew_makl1246,makl1246,mgf,Maklew,,-7.74424,139.273,parabank,Maklew makl1246.txt,,,,Parabank
p_malganamalg1242a,Malgana_malg1242a,malg1242,vml,Malgana,Pama-Nyungan,-26.211,114.245,parabank,Malgana malg1242.txt,20161129,,,Parabank
p_malimali1284,Mali_mali1284,mali1284,gcc,Mali,,-4.71826,152.214,parabank,Mali mali1284.txt,20161129,,,Parabank
p_maluabaymalu1245,Malua_Bay_malu1245,malu1245,mll,Malua Bay,Austronesian,-15.9813,167.208,parabank,Malua Bay malu1245.txt,20171026,,,Parabank
p_manammana1295,Manam_mana1295,mana1295,mva,Manam,Austronesian,-4.07921,145.033,parabank,Manam mana1295.txt,20170703,,,Parabank
p_manangemana1288,Manange_mana1288,mana1288,nmm,Manange,Sino-Tibetan,28.6416,84.0515,parabank,Manange mana1288.txt,20161201,,,Parabank
p_mangaiamang1402,Mangaia_mang1402,mang1402,,Mangaia,Austronesian,,,parabank,Mangaia mang1402.txt,20170518,,,Parabank
p_mangarevamang1401,Mangareva_mang1401,mang1401,mrv,Mangareva,Austronesian,-23.1095,-134.97,parabank,Mangareva mang1401.txt,20170517,,,Parabank
p_mangeisobjomang1407,Mangei_(Sobjo)_mang1407,mang1407,,Mangei,Austronesian,,,parabank,Mangei (Sobjo) mang1407.txt,20170608,Data incomplete and source word list requires interpretation,,Parabank
p_manggaraimang1405,Manggarai_mang1405,mang1405,mqy,Manggarai,Austronesian,-8.55748,120.329,parabank,Manggarai mang1405.txt,,,,Parabank
p_maorimaor1246,Maori_maor1246,maor1246,mri,Māori,Austronesian,-38.2881,176.541,parabank,Maori maor1246.txt,,"pronouns my or mine: ta´-ku(sing.), a´-ku(pl.)",,Parabank
p_maragustapemara1399,Maragus_(Tape)_mara1399,mara1399,mrs,Maragus,Austronesian,-16.0695,167.33,parabank,Maragus (Tape) mara1399.txt,20171205,,,Parabank
p_maranaolanaomoromara1404,Maranao_(Lanao_Moro)_mara1404,mara1404,mrw,Maranao,Austronesian,7.79414,124.175,parabank,Maranao (Lanao Moro) mara1404.txt,20170406,,,Parabank
p_marindnucl1622,Marind_nucl1622,nucl1622,mrz,Marind,,-8.15651,140.009,parabank,Marind nucl1622.txt,20180413,,,Parabank
p_marquesasmarq1246,Marquesas_marq1246,marq1246,,Marquesan,Austronesian,,,parabank,Marquesas marq1246.txt,20170517,,,Parabank
p_marshallesemars1254,Marshallese_mars1254,mars1254,mah,Marshallese,Austronesian,8.72,167.73,parabank,Marshallese mars1254.txt,20170703,,,Parabank
p_maskelynesmask1242,Maskelynes_mask1242,mask1242,klv,Maskelynes,Austronesian,-16.5073,167.818,parabank,Maskelynes mask1242.txt,20171204,,,Parabank
p_matukarmatu1261,Matukar_matu1261,matu1261,mjk,Matukar,Austronesian,-4.9078,145.779,parabank,Matukar matu1261.txt,,,,Parabank
p_maybratmaib1239,Maybrat_maib1239,maib1239,ayz,Maybrat-Karon,,-1.3679,132.591,parabank,Maybrat maib1239.txt,20161125,,,Parabank
p_mblafembla1238,Mblafe_mbla1238,mbla1238,,Mblafe,,,,parabank,Mblafe mbla1238.txt,20170322,,,Parabank
p_mekeoeastmeke1243d,Mekeo_(East)_meke1243d,meke1243,mek,Mekeo,Austronesian,-8.23853,146.586,parabank,Mekeo (East) meke1243d.txt,,,,Parabank
p_mekeonorthmeke1243c,Mekeo_(North)_meke1243c,meke1243,mek,Mekeo,Austronesian,-8.23853,146.586,parabank,Mekeo (North) meke1243c.txt,,,,Parabank
p_mekeonorthwestmeke1243a,Mekeo_(North-West)_meke1243a,meke1243,mek,Mekeo,Austronesian,-8.23853,146.586,parabank,Mekeo (North-West) meke1243a.txt,,,,Parabank
p_mekeowestmeke1243b,Mekeo_(West)_meke1243b,meke1243,mek,Mekeo,Austronesian,-8.23853,146.586,parabank,Mekeo (West) meke1243b.txt,,,,Parabank
p_mekonggameko1237,Mekongga_meko1237,meko1237,,Mekongga,Austronesian,,,parabank,Mekongga meko1237.txt,20161209,,,Parabank
p_melefilaifiramelemele1250,Mele-Fila_(Ifira-Mele)_mele1250,mele1250,mxe,Mele-Fila,Austronesian,-17.6841,168.275,parabank,Mele-Fila (Ifira-Mele) mele1250.txt,20170620,,,Parabank
p_menuimenu1237,Menui_menu1237,menu1237,,Menui,Austronesian,,,parabank,Menui menu1237.txt,20161209,,,Parabank
p_mereimere1242,Merei_mere1242,mere1242,lmb,Merei,Austronesian,-15.2839,166.905,parabank,Merei mere1242.txt,20161130,,,Parabank
p_meriammeri1244,Meriam_meri1244,meri1244,ulk,Meriam,,-9.59575,143.773,parabank,Meriam meri1244.txt,20170321,,,Parabank
p_merlavmerl1237,Merlav_merl1237,merl1237,mrm,Merlav,Austronesian,-14.450679,168.053527,parabank,Merlav merl1237.txt,20180109,,,Parabank
p_meyahmeya1236,Meyah_meya1236,meya1236,mej,Meyah,,-1.18016,133.618,parabank,Meyah meya1236.txt,20161130,,,Parabank
p_minangkabaumina1268,Minangkabau_mina1268,mina1268,min,Minangkabau,Austronesian,-0.896,100.44,parabank,Minangkabau mina1268.txt,20170705,,,Parabank
p_miningirlungamini1251,Miningir_(Lunga)_mini1251,mini1251,vmg,Minigir,Austronesian,-4.31803,152.005,parabank,Miningir (Lunga) mini1251.txt,20170628,,,Parabank
p_monoalumono1273,Mono-Alu_mono1273,mono1273,mte,Mono-Alu,Austronesian,-7.05102,155.76,parabank,Mono-Alu mono1273.txt,20170402,,,Parabank
p_morgan1871amazuluamazulukafirzulu1248,Morgan1871_Amazulu_(Amazulu_Kafir)_zulu1248,zulu1248,zul,Zulu,Atlantic-Congo,-28.9,30.2,parabank,Morgan1871 Amazulu (Amazulu Kafir) zulu1248.txt,,,,Parabank
p_morgan1871anahnelingrosventresofprairiegros1243,Morgan1871_An-ah'-ne-lin_(Gros_Ventres_of_Prairie)_gros1243,gros1243,ats,Gros Ventre,Algic,48.4834,-108.738,parabank,Morgan1871 An-ah'-ne-lin (Gros Ventres of Prairie) gros1243.txt,,,,Parabank
p_morgan1871arikaraarickareearik1262,Morgan1871_Arikara_(Arickaree)_arik1262,arik1262,ari,Arikara,,45,-100,parabank,Morgan1871 Arikara (Arickaree) arik1262.txt,,,,Parabank
p_morgan1871assiniboineasiniboineassi1247,Morgan1871_Assiniboine_(Asiniboine)_assi1247,assi1247,asb,Assiniboine,,49.2923,-106.068,parabank,Morgan1871 Assiniboine (Asiniboine) assi1247.txt,,,,Parabank
p_morgan1871baffininuktituteskimonorthumberlandinletbaff1241,"Morgan1871_Baffin_Inuktitut_(Eskimo,_Northumberland_Inlet)_baff1241",baff1241,,Baffin Inuktitut,,,,parabank,"Morgan1871 Baffin Inuktitut (Eskimo, Northumberland Inlet) baff1241.txt",,,,Parabank
p_morgan1871bengalibeng1280,Morgan1871_Bengâli_beng1280,beng1280,ben,Bengali,Indo-European,24,90,parabank,Morgan1871 Bengâli beng1280.txt,,,,Parabank
p_morgan1871bloodsiksikabloodblackfootbloo1239,Morgan1871_Blood_Siksika_(Blood_Blackfoot)_bloo1239,bloo1239,,Blood,Algic,,,parabank,Morgan1871 Blood Siksika (Blood Blackfoot) bloo1239.txt,,,,Parabank
p_morgan1871burmeseburm1266,Morgan1871_Burmese_burm1266,burm1266,,Burmish,Sino-Tibetan,,,parabank,Morgan1871 Burmese burm1266.txt,,,,Parabank
p_morgan1871canaresenucl1305,Morgan1871_Canarese_nucl1305,nucl1305,kan,Kannada,Dravidian,13.5878,76.1198,parabank,Morgan1871 Canarese nucl1305.txt,,,,Parabank
p_morgan1871cayugacayu1261,Morgan1871_Cayuga_cayu1261,cayu1261,cay,Cayuga,,42.41,-76.5969,parabank,Morgan1871 Cayuga cayu1261.txt,,,,Parabank
p_morgan1871cherokeecher1273,Morgan1871_Cherokee_cher1273,cher1273,chr,Cherokee,,35.4664,-83.163,parabank,Morgan1871 Cherokee cher1273.txt,,,,Parabank
p_morgan1871chibchanewgranadachib1270,Morgan1871_Chibcha_(New_Granada)_chib1270,chib1270,chb,Chibcha,,6.24999,-74.1666,parabank,Morgan1871 Chibcha (New Granada) chib1270.txt,,,,Parabank
p_morgan1871chickasachic1270,Morgan1871_Chickasa_chic1270,chic1270,cic,Chickasaw,,34,-88,parabank,Morgan1871 Chickasa chic1270.txt,,,,Parabank
p_morgan1871chinesesini1245,Morgan1871_Chinese_sini1245,sini1245,,Sinitic,Sino-Tibetan,,,parabank,Morgan1871 Chinese sini1245.txt,,,,Parabank
p_morgan1871choctaw1choc1276,Morgan1871_Choctaw_(1)_choc1276,choc1276,cho,Choctaw,,32.25,-88.5,parabank,Morgan1871 Choctaw (1) choc1276.txt,,,,Parabank
p_morgan1871choctaw2choc1276,Morgan1871_Choctaw_(2)_choc1276,choc1276,cho,Choctaw,,32.25,-88.5,parabank,Morgan1871 Choctaw (2) choc1276.txt,,,,Parabank
p_morgan1871creekcree1270,Morgan1871_Creek_cree1270,cree1270,mus,Creek,,31,-87.5,parabank,Morgan1871 Creek cree1270.txt,,,,Parabank
p_morgan1871creeofthelowlandscree1272,Morgan1871_Cree_of_the_Lowlands_cree1272,cree1272,cre,Cree,Algic,,,parabank,Morgan1871 Cree of the Lowlands cree1272.txt,,,,Parabank
p_morgan1871crowcrow1244,Morgan1871_Crow_crow1244,crow1244,cro,Crow,,45.368,-107.874,parabank,Morgan1871 Crow crow1244.txt,,,,Parabank
p_morgan1871dakotablackfootlako1247,Morgan1871_Dakota_Blackfoot_lako1247,lako1247,lkt,Lakota,,46.3699,-103.95,parabank,Morgan1871 Dakota: Blackfoot lako1247.txt,,,,Parabank
p_morgan1871dakotabrulebrul1239,Morgan1871_Dakota_Brule_brul1239,brul1239,,Brulé,,,,parabank,Morgan1871 Dakota: Brule brul1239.txt,,,,Parabank
p_morgan1871dakotaisauntiedako1258,Morgan1871_Dakota_Isauntie_dako1258,dako1258,dak,Dakota,,47.6857,-102.12,parabank,Morgan1871 Dakota: Isauntie dako1258.txt,,,,Parabank
p_morgan1871dakotaogalallalako1247,Morgan1871_Dakota_Ogalalla_lako1247,lako1247,lkt,Lakota,,46.3699,-103.95,parabank,Morgan1871 Dakota: Ogalalla lako1247.txt,,,,Parabank
p_morgan1871dakotasissetondako1258,Morgan1871_Dakota_Sisseton_dako1258,dako1258,dak,Dakota,,47.6857,-102.12,parabank,Morgan1871 Dakota: Sisseton dako1258.txt,,,,Parabank
p_morgan1871dakotauncpapalako1247,Morgan1871_Dakota_Uncpapa_lako1247,lako1247,lkt,Lakota,,46.3699,-103.95,parabank,Morgan1871 Dakota: Uncpapa lako1247.txt,,,,Parabank
p_morgan1871dakotayanktonaisdako1258,Morgan1871_Dakota_Yanktonais_dako1258,dako1258,dak,Dakota,,47.6857,-102.12,parabank,Morgan1871 Dakota: Yanktonais dako1258.txt,,,,Parabank
p_morgan1871dakotayanktondako1258,Morgan1871_Dakota_Yankton_dako1258,dako1258,dak,Dakota,,47.6857,-102.12,parabank,Morgan1871 Dakota: Yankton dako1258.txt,,,,Parabank
p_morgan1871delawarecomm1246,Morgan1871_Delaware_comm1246,comm1246,del,Common Delaware,Algic,,,parabank,Morgan1871 Delaware comm1246.txt,,,,Parabank
p_morgan1871etchemiuormalisetemale1293,"Morgan1871_Etchemiu,_or_Malisete_male1293",male1293,,Malecite,Algic,,,parabank,"Morgan1871 Etchemiu, or Malisete male1293.txt",,,,Parabank
p_morgan1871grandpawneepawn1254,Morgan1871_Grand_Pawnee_pawn1254,pawn1254,paw,Pawnee,,36.2862,-96.8937,parabank,Morgan1871 Grand Pawnee pawn1254.txt,,,,Parabank
p_morgan1871gujaratiguja1252,Morgan1871_Gujarati_guja1252,guja1252,guj,Gujarati,Indo-European,22.687,71.0962,parabank,Morgan1871 Gujarati guja1252.txt,,,,Parabank
p_morgan1871hareindiansortanatinnehare1243,Morgan1871_Hare_Indians_or_Tä-nä'-tin-ne_hare1243,hare1243,,Slaveyic,,,,parabank,Morgan1871 Hare Indians or Tä-nä'-tin-ne hare1243.txt,,,,Parabank
p_morgan1871hawaiianhawa1245,Morgan1871_Hawaiian_hawa1245,hawa1245,haw,Hawaiian,Austronesian,19.6297,-155.43,parabank,Morgan1871 Hawaiian hawa1245.txt,,,,Parabank
p_morgan1871hindihind1269,Morgan1871_Hindi_hind1269,hind1269,hin,Hindi,Indo-European,25,77,parabank,Morgan1871 Hindi hind1269.txt,,,,Parabank
p_morgan1871iowaiowa1245,Morgan1871_Iowä_iowa1245,iowa1245,iow,Iowa-Oto,,40.0511,-95.5213,parabank,Morgan1871 Iowä iowa1245.txt,,,,Parabank
p_morgan1871japanesejapa1256,Morgan1871_Japanese_japa1256,japa1256,,Japanesic,,,,parabank,Morgan1871 Japanese japa1256.txt,,,,Parabank
p_morgan1871kalaallisuteskimogreenlandkala1399,"Morgan1871_Kalaallisut_(Eskimo,_Greenland)_kala1399",kala1399,kal,Kalaallisut,,69.3761,-52.864,parabank,"Morgan1871 Kalaallisut (Eskimo, Greenland) kala1399.txt",,,,Parabank
p_morgan1871karenkare1337,Morgan1871_Karen_kare1337,kare1337,,Karenic,Sino-Tibetan,,,parabank,Morgan1871 Karen kare1337.txt,,,,Parabank
p_morgan1871karenpwodialectpwoo1239,Morgan1871_Karen_(Pwo_dialect)_pwoo1239,pwoo1239,,Pwo,Sino-Tibetan,,,parabank,Morgan1871 Karen (Pwo dialect) pwoo1239.txt,,,,Parabank
p_morgan1871karensgaudialectsgaw1245,Morgan1871_Karen_(Sgau_dialect)_sgaw1245,sgaw1245,ksw,S'gaw Karen,Sino-Tibetan,17.9872,97.7126,parabank,Morgan1871 Karen (Sgau dialect) sgaw1245.txt,,,,Parabank
p_morgan1871kaskaskiaalgo1255,Morgan1871_Kaskaskia_algo1255,algo1255,alq,Algonquin,Algic,47.3876,-77.5258,parabank,Morgan1871 Kaskaskia algo1255.txt,,,,Parabank
p_morgan1871kawkans1243,Morgan1871_Kaw_kans1243,kans1243,ksk,Kansa,,36.8044,-96.8571,parabank,Morgan1871 Kaw kans1243.txt,,,,Parabank
p_morgan1871kickapookikapookick1244,Morgan1871_Kickapoo_(Kikapoo)_kick1244,kick1244,kic,Kickapoo,Algic,41.655145,-89.03034,parabank,Morgan1871 Kickapoo (Kikapoo) kick1244.txt,,,,Parabank
p_morgan1871kingsmillislandsgilb1244,Morgan1871_Kings_Mill_Islands_gilb1244,gilb1244,gil,Gilbertese,Austronesian,-1.34,176.44,parabank,Morgan1871 Kings Mill Islands gilb1244.txt,,,,Parabank
p_morgan1871kootenaykute1249,Morgan1871_Kootenay_kute1249,kute1249,kut,Kutenai,,48.7892,-115.065,parabank,Morgan1871 Kootenay kute1249.txt,,,,Parabank
p_morgan1871kusaienkosr1238,Morgan1871_Kusaien_kosr1238,kosr1238,kos,Kosraean,Austronesian,5.31,162.98,parabank,Morgan1871 Kusaien kosr1238.txt,,,,Parabank
p_morgan1871kutchinorlouchieuxgwic1235,"Morgan1871_Kǔtchin,_or_Louchieux_gwic1235",gwic1235,gwi,Gwich'in,,67.4307,-142.963,parabank,"Morgan1871 Kǔtchin, or Louchieux gwic1235.txt",,,,Parabank
p_morgan1871lagunawest2632,Morgan1871_Laguna_west2632,west2632,kjq,Western Keres,,34.9733,-107.517,parabank,Morgan1871 Laguna west2632.txt,,,,Parabank
p_morgan1871mandanmand1446,Morgan1871_Mandan_mand1446,mand1446,mhq,Mandan,,47.6631,-102.376,parabank,Morgan1871 Mandan mand1446.txt,,,,Parabank
p_morgan1871maorimaor1246,Morgan1871_Maori_maor1246,maor1246,mri,Māori,Austronesian,-38.2881,176.541,parabank,Morgan1871 Maori maor1246.txt,,,,Parabank
p_morgan1871marathimara1378,Morgan1871_Marâthî_mara1378,mara1378,mar,Marathi,Indo-European,17.9344,76.6665,parabank,Morgan1871 Marâthî mara1378.txt,,,,Parabank
p_morgan1871menominemeno1252,Morgan1871_Menomine_meno1252,meno1252,mez,Menominee,Algic,44.9794,-88.6395,parabank,Morgan1871 Menomine meno1252.txt,,,,Parabank
p_morgan1871miamimiam1252,Morgan1871_Miami_miam1252,miam1252,mia,Miami,Algic,40,-90,parabank,Morgan1871 Miami miam1252.txt,,,,Parabank
p_morgan1871miemacmikm1235,Morgan1871_Miemac_mikm1235,mikm1235,mic,Mi'kmaq,Algic,45.9941,-65.5766,parabank,Morgan1871 Miemac mikm1235.txt,,,,Parabank
p_morgan1871minnitareehida1246,Morgan1871_Minnitaree_hida1246,hida1246,hid,Hidatsa,,47.7534,-102.528,parabank,Morgan1871 Minnitaree hida1246.txt,,,,Parabank
p_morgan1871mohawkmoha1258,Morgan1871_Mohawk_moha1258,moha1258,moh,Mohawk,,43.72,-74.66836,parabank,Morgan1871 Mohawk moha1258.txt,,,,Parabank
p_morgan1871moheganmohe1244,Morgan1871_Mohegan_mohe1244,mohe1244,mof,Mohegan-Montauk-Narragansett,Algic,41.8581,-72.1701,parabank,Morgan1871 Mohegan mohe1244.txt,,,,Parabank
p_morgan1871mountaincherokeecher1273,Morgan1871_Mountain_Cherokee_cher1273,cher1273,chr,Cherokee,,35.4664,-83.163,parabank,Morgan1871 Mountain Cherokee cher1273.txt,,,,Parabank
p_morgan1871munseemuns1251,Morgan1871_Munsee_muns1251,muns1251,umu,Munsee,Algic,42.5968,-81.9166,parabank,Morgan1871 Munsee muns1251.txt,,,,Parabank
p_morgan1871ojibwakansasojib1241,Morgan1871_Ojibwa_Kansas_ojib1241,ojib1241,,Ojibwa,Algic,,,parabank,Morgan1871 Ojibwa: Kansas ojib1241.txt,,,,Parabank
p_morgan1871ojibwalakehuronojib1241,Morgan1871_Ojibwa_Lake_Huron_ojib1241,ojib1241,,Ojibwa,Algic,,,parabank,Morgan1871 Ojibwa: Lake Huron ojib1241.txt,,,,Parabank
p_morgan1871ojibwalakemichiganuppe1274,Morgan1871_Ojibwa_Lake_Michigan_uppe1274,uppe1274,,Upper Michigan-Wisconsin Chippewa,Algic,,,parabank,Morgan1871 Ojibwa: Lake Michigan uppe1274.txt,,,,Parabank
p_morgan1871ojibwalakesuperiorojib1241,Morgan1871_Ojibwa_Lake_Superior_ojib1241,ojib1241,,Ojibwa,Algic,,,parabank,Morgan1871 Ojibwa: Lake Superior ojib1241.txt,,,,Parabank
p_morgan1871okinakenokan1243,Morgan1871_Okinaken_okan1243,okan1243,oka,Okanagan,Salishan,49.2745,-119.294,parabank,Morgan1871 Okinaken okan1243.txt,,,,Parabank
p_morgan1871omahaomah1247,Morgan1871_Omahä_omah1247,omah1247,oma,Omaha-Ponca,,42.0944,-96.5295,parabank,Morgan1871 Omahä omah1247.txt,,,,Parabank
p_morgan1871oneidaonei1249,Morgan1871_Oneida_onei1249,onei1249,one,Oneida,,43.438742,-75.708106,parabank,Morgan1871 Oneida onei1249.txt,,,,Parabank
p_morgan1871onondagaonon1246,Morgan1871_Onondaga_onon1246,onon1246,ono,Onondaga,,42.92,-76.12,parabank,Morgan1871 Onondaga onon1246.txt,,,,Parabank
p_morgan1871osageosag1243,Morgan1871_Osage_osag1243,osag1243,osa,Osage,,36.7828,-96.2949,parabank,Morgan1871 Osage osag1243.txt,,,,Parabank
p_morgan1871otoeotoo1241,Morgan1871_Otoe_otoo1241,otoo1241,,Oto,,,,parabank,Morgan1871 Otoe otoo1241.txt,,,,Parabank
p_morgan1871ottawaotawaotta1242,Morgan1871_Ottawa_(Otǎwa)_otta1242,otta1242,otw,Ottawa,Algic,44.5988,-83.226,parabank,Morgan1871 Ottawa (Otǎwa) otta1242.txt,,,,Parabank
p_morgan1871peoriapeor1238,Morgan1871_Peoria_peor1238,peor1238,,Peoria,Algic,,,parabank,Morgan1871 Peoria peor1238.txt,,,,Parabank
p_morgan1871pianeshawmiam1252,Morgan1871_Pianeshaw_miam1252,miam1252,mia,Miami,Algic,40,-90,parabank,Morgan1871 Pianeshaw miam1252.txt,,,,Parabank
p_morgan1871piegansiksikapieganblackfootpieg1239,Morgan1871_Piegan_Siksika_(Piegan_Blackfoot)_pieg1239,pieg1239,,Piegan,Algic,,,parabank,Morgan1871 Piegan Siksika (Piegan Blackfoot) pieg1239.txt,,,,Parabank
p_morgan1871plainscreecreeoftheprairieplai1258,Morgan1871_Plains_Cree_(Cree_of_the_Prairie)_plai1258,plai1258,crk,Plains Cree,Algic,51.2437,-110.463,parabank,Morgan1871 Plains Cree (Cree of the Prairie) plai1258.txt,,,,Parabank
p_morgan1871potawatomipotawattamiepota1247,Morgan1871_Potawatomi_(Potǎwattamie)_pota1247,pota1247,pot,Potawatomi,Algic,40.955,-89.1881,parabank,Morgan1871 Potawatomi (Potǎwattamie) pota1247.txt,,,,Parabank
p_morgan1871punkaponc1241,Morgan1871_Punkä_ponc1241,ponc1241,,Ponca,,,,parabank,Morgan1871 Punkä ponc1241.txt,,,,Parabank
p_morgan1871redknifeortalsoteenadogr1252,"Morgan1871_Red-knife,_or_Täl-sote'e-nä_dogr1252",dogr1252,dgr,Dogrib,,62.3823,-114.193,parabank,"Morgan1871 Red-knife, or Täl-sote'e-nä dogr1252.txt",,,,Parabank
p_morgan1871republicanpawneepawn1254,Morgan1871_Republican_Pawnee_pawn1254,pawn1254,paw,Pawnee,,36.2862,-96.8937,parabank,Morgan1871 Republican Pawnee pawn1254.txt,,,,Parabank
p_morgan1871sawkandfoxmesk1242,Morgan1871_Sawk_and_Fox_mesk1242,mesk1242,sac,Meskwaki,Algic,44,-89,parabank,Morgan1871 Sawk and Fox mesk1242.txt,,,,Parabank
p_morgan1871senecasene1264,Morgan1871_Seneca_sene1264,sene1264,see,Seneca,,42.56,-77.53,parabank,Morgan1871 Seneca sene1264.txt,,,,Parabank
p_morgan1871shawneeshaw1249,Morgan1871_Shawnee_shaw1249,shaw1249,sjw,Shawnee,Algic,40,-83,parabank,Morgan1871 Shawnee shaw1249.txt,,,,Parabank
p_morgan1871shiyanchey1247,Morgan1871_Shiyan_chey1247,chey1247,chy,Cheyenne,Algic,45.5321,-106.659,parabank,Morgan1871 Shiyan chey1247.txt,,,,Parabank
p_morgan1871slavelakeindiansorachaotinneslav1253,Morgan1871_Slave_Lake_Indians_or_A-cha'o-tin-ne_slav1253,slav1253,den,Slave,,,,parabank,Morgan1871 Slave Lake Indians or A-cha'o-tin-ne slav1253.txt,,,,Parabank
p_morgan1871spokanespok1245,Morgan1871_Spokäne_spok1245,spok1245,spo,Spokane,Salishan,47.9087,-118.062,parabank,Morgan1871 Spokäne spok1245.txt,,,,Parabank
p_morgan1871tabascochontalchontaltabascotaba1266,Morgan1871_Tabasco_Chontal_(Chontal_Tabasco)_taba1266,taba1266,chf,Tabasco Chontal,,18.1713,-92.7367,parabank,Morgan1871 Tabasco Chontal (Chontal Tabasco) taba1266.txt,,,,Parabank
p_morgan1871tamiltami1289,Morgan1871_Tamil_tami1289,tami1289,tam,Tamil,Dravidian,10.520219,78.825989,parabank,Morgan1871 Tamil tami1289.txt,,,,Parabank
p_morgan1871telugutelu1262,Morgan1871_Telugu_telu1262,telu1262,tel,Telugu,Dravidian,16.4529,78.7024,parabank,Morgan1871 Telugu telu1262.txt,,,,Parabank
p_morgan1871tesuquetesu1245,Morgan1871_Tesuque_tesu1245,tesu1245,,Tesuque,,,,parabank,Morgan1871 Tesuque tesu1245.txt,,,,Parabank
p_morgan1871tukuthegwic1235,Morgan1871_Tukuthe_gwic1235,gwic1235,gwi,Gwich'in,,67.4307,-142.963,parabank,Morgan1871 Tukuthe gwic1235.txt,,,,Parabank
p_morgan1871tuscaroratusc1257,Morgan1871_Tuscarora_tusc1257,tusc1257,tus,Tuscarora,,43.1303,-79.4214,parabank,Morgan1871 Tuscarora tusc1257.txt,,,,Parabank
p_morgan1871twomountainiroquioslaur1250,Morgan1871_Two_Mountain_Iroquios_laur1250,laur1250,lre,Laurentian,,45.33,-72.5,parabank,Morgan1871 Two Mountain Iroquios laur1250.txt,,,,Parabank
p_morgan1871utahstabegwachesutes1238,Morgan1871_Utahs_(Tabegwaches)_utes1238,utes1238,ute,Ute-Southern Paiute,Uto-Aztecan,40.0965,-110.305,parabank,Morgan1871 Utahs (Tabegwaches) utes1238.txt,,,,Parabank
p_morgan1871weawnucl1653,Morgan1871_Weaw_nucl1653,nucl1653,,Nuclear Miami,Algic,,,parabank,Morgan1871 Weaw nucl1653.txt,,,,Parabank
p_morgan1871westerncanadianinuktituteskimowestofhudsonsbaywest2618,"Morgan1871_Western_Canadian_Inuktitut_(Eskimo,_West_of_Hudson's_Bay)_west2618",west2618,ikt,Western Canadian Inuktitut,,64.3486,-96.148,parabank,"Morgan1871 Western Canadian Inuktitut (Eskimo, West of Hudson's Bay) west2618.txt",,,,Parabank
p_morgan1871winnebagoewinn1245,Morgan1871_Winnebagoe_winn1245,winn1245,,Winnebago-Chiwere,,,,parabank,Morgan1871 Winnebagoe winn1245.txt,,,,Parabank
p_morgan1871woodscreecreeofthewoodswood1236,Morgan1871_Woods_Cree_(Cree_of_the_Woods)_wood1236,wood1236,cwd,Woods Cree,Algic,57,-99,parabank,Morgan1871 Woods Cree (Cree of the Woods) wood1236.txt,,,,Parabank
p_morgan1871wyandotewyan1247,Morgan1871_Wyandote_wyan1247,wyan1247,wya,Huron-Wyandot,,44.33,-77.5,parabank,Morgan1871 Wyandote wyan1247.txt,,,,Parabank
p_morgan1871yakamayaki1237,Morgan1871_Yakama_yaki1237,yaki1237,yak,Northwest Sahaptin,,46.2655,-120.756,parabank,Morgan1871 Yakama yaki1237.txt,,,,Parabank
p_moriatasmori1269,Mori_Atas_mori1269,mori1269,mzq,Mori Atas,Austronesian,-2.2555,121.035,parabank,Mori Atas mori1269.txt,20161209,,,Parabank
p_moribawahmori1268,Mori_Bawah_mori1268,mori1268,xmz,Mori Bawah,Austronesian,-2.56016,121.37,parabank,Mori Bawah mori1268.txt,20161209,,,Parabank
p_moronenemoro1287,Moronene_moro1287,moro1287,mqn,Moronene,Austronesian,-4.62361,121.824,parabank,Moronene moro1287.txt,20161209,,,Parabank
p_mortlockesemort1237,Mortlockese_mort1237,mort1237,mrl,Mortlockese,Austronesian,5.50735,153.710778,parabank,Mortlockese mort1237.txt,20170705,,,Parabank
p_motamota1237,Mota_mota1237,mota1237,mtt,Mota,Austronesian,-13.835361,167.690924,parabank,Mota mota1237.txt,20170705,,,Parabank
p_motumotu1246,Motu_motu1246,motu1246,meu,Motu,Austronesian,-9.67492,147.424,parabank,Motu motu1246.txt,20170705,,,Parabank
p_moukmouk1240,Mouk_mouk1240,mouk1240,,Mouk,Austronesian,,,parabank,Mouk mouk1240.txt,20170109,,,Parabank
p_muduapavitumudu1242,Muduapa_(Vitu)_mudu1242,mudu1242,wiv,Muduapa,Austronesian,-4.69751,149.489,parabank,Muduapa (Vitu) mudu1242.txt,2017024,his/her = -na,,Parabank
p_munamuna1247,Muna_muna1247,muna1247,mnb,Muna,Austronesian,-5.40419,122.541,parabank,Muna muna1247.txt,20170706,,,Parabank
p_munggavarennellmung1271,Munggava_(Rennell)_mung1271,mung1271,,Munggava,Austronesian,,,parabank,Munggava (Rennell) mung1271.txt,20170511,hai- prefix to most of the basic kinship terms indicating a reciprocal relationship between the base and closely associate kin (reciprocate),,Parabank
p_mungikibellonamung1270,Mungiki_(Bellona)_mung1270,mung1270,,Mungiki,Austronesian,,,parabank,Mungiki (Bellona) mung1270.txt,,,,Parabank
p_murrinhpathamurr1258,Murrinhpatha_murr1258,murr1258,mwf,Murriny Patha,,-14.74852,129.70152,parabank,Murrinhpatha_murr1258.txt,20191111,,,Parabank
p_mussauemiramuss1246,Mussau-Emira_muss1246,muss1246,emi,Mussau-Emira,Austronesian,-1.44105,149.624,parabank,Mussau-Emira muss1246.txt,20170706,,,Parabank
p_mwotlapmotl1237,Mwotlap_motl1237,motl1237,mlv,Mwotlap,Austronesian,-13.655015,167.706277,parabank,Mwotlap motl1237.txt,20180109,,,Parabank
p_nafsansout2856,Nafsan_sout2856,sout2856,erk,South Efate,Austronesian,-17.7006,168.377,parabank,Nafsan sout2856.txt,,"Nafsan informants Marinette Kalpram, Joel Kalpram. Note, the labial-velar is officially written with a tilde over a ‘p’ but I don’t have that keyboard function so am using ‘kp’.",,Parabank
p_nagenage1237,Nage_nage1237,nage1237,nxe,Nage,Austronesian,-8.70513,121.31,parabank,Nage nage1237.txt,2017024,,,Parabank
p_nahavaqsout2857,Nahavaq_sout2857,sout2857,sns,Nahavaq,Austronesian,-16.5116,167.477,parabank,Nahavaq sout2857.txt,20170706,,,Parabank
p_nakanainaka1262,Nakanai_naka1262,naka1262,nak,Nakanai,Austronesian,-5.59931,150.888,parabank,Nakanai naka1262.txt,20170704,,,Parabank
p_naliklukuramaunali1244,Nalik_(Lukuramau)_nali1244,nali1244,nal,Nalik,Austronesian,-2.94411,151.332,parabank,Nalik (Lukuramau) nali1244.txt,20170326,,,Parabank
p_nalikmadinanali1244b,Nalik_(Madina)_nali1244b,nali1244,nal,Nalik,Austronesian,-2.94411,151.332,parabank,Nalik (Madina) nali1244b.txt,,,,Parabank
p_namakuranama1268,Namakura_nama1268,nama1268,nmk,Namakura,Austronesian,-16.8979,168.569,parabank,Namakura nama1268.txt,,,,Parabank
p_namakuranama1268b,Namakura_nama1268b,nama1268,nmk,Namakura,Austronesian,-16.8979,168.569,parabank,Namakura nama1268b.txt,,,,Parabank
p_namanama1266,Nama_nama1266,nama1266,nmx,Nama (Papua New Guinea),,-8.66403,141.706,parabank,Nama nama1266.txt,20170119,,,Parabank
p_namanlitz1237,Naman_litz1237,litz1237,lzl,Naman,Austronesian,-16.1331,167.415,parabank,Naman litz1237.txt,20171025,,,Parabank
p_nambonamb1293,Nambo_namb1293,namb1293,ncm,Nambo,,-8.74501,141.931,parabank,Nambo namb1293.txt,,,,Parabank
p_nanggunang1262,Nanggu_nang1262,nang1262,ngr,Nanggu,Austronesian,-10.7441,165.887,parabank,Nanggu nang1262.txt,20170706,,,Parabank
p_negwayagwoiayagw1240,Negwa_(Yagwoia)_yagw1240,yagw1240,ygw,Yagwoia,,-7.14042,145.854,parabank,Negwa (Yagwoia) yagw1240.txt,20170127,,,Parabank
p_nehanneha1247,Nehan_neha1247,neha1247,nsn,Nehan,Austronesian,-4.56875,154.2,parabank,Nehan neha1247.txt,20170707,,,Parabank
p_nemeneme1244,Neme_neme1244,neme1244,nex,Neme,,-8.44877,141.849,parabank,Neme neme1244.txt,,,,Parabank
p_nengoneneng1238,Nengone_neng1238,neng1238,nen,Nengone,Austronesian,-21.5305,167.964,parabank,Nengone neng1238.txt,20170404,,,Parabank
p_nennenn1238,Nen_nenn1238,nenn1238,nqn,Nen,,-8.62183,142.032,parabank,Nen nenn1238.txt,,,,Parabank
p_nennenn1238a,Nen_nenn1238a,nenn1238,nqn,Nen,,-8.62183,142.032,parabank,Nen nenn1238a.txt,,,,Parabank
p_nesenese1235,Nese_nese1235,nese1235,,Nese,Austronesian,-15.952608,167.222769,parabank,Nese nese1235.txt,20170707,,,Parabank
p_neveeivinm1237,Neve'ei_vinm1237,vinm1237,vnm,Neve'ei,Austronesian,-16.2253,167.427,parabank,Neve'ei vinm1237.txt,20171025,,,Parabank
p_neveeivinm1237a,Neve'ei_vinm1237a,vinm1237,vnm,Neve'ei,Austronesian,-16.2253,167.427,parabank,Neve'ei vinm1237a.txt,,,,Parabank
p_neververling1265,Neverver_ling1265,ling1265,lgk,Neverver,Austronesian,-16.1986,167.499,parabank,Neverver ling1265.txt,20171027,,,Parabank
p_ngunangun1274,Nguna_ngun1274,ngun1274,,Nguna,Austronesian,,,parabank,Nguna ngun1274.txt,20180123,,,Parabank
p_niuafoouniua1240,Niuafo'ou_niua1240,niua1240,num,Niuafo'ou,Austronesian,-15.6014,-175.64,parabank,Niuafo'ou niua1240.txt,20181015,,https://glottolog.org/resource/reference/id/104176,Parabank
p_niueniue1239,Niue_niue1239,niue1239,niu,Niuean,Austronesian,-19.06,-169.86,parabank,Niue niue1239.txt,,,,Parabank
p_northambrymnort2839,North_Ambrym_nort2839,nort2839,mmg,North Ambrym,Austronesian,-16.1741,168.14,parabank,North Ambrym nort2839.txt,20180117,,,Parabank
p_northefatengunanakanamanganort2836,"North_Efate_(Nguna,_Nakanamanga)_nort2836",nort2836,llp,North Efate,Austronesian,-17.5774,168.375,parabank,"North Efate (Nguna, Nakanamanga) nort2836.txt",20180109,,,Parabank
p_northtannanort2847,North_Tanna_nort2847,nort2847,tnn,North Tanna,Austronesian,-19.3733,169.303,parabank,North Tanna nort2847.txt,20180215,,,Parabank
p_numbaminumb1247,Numbami_numb1247,numb1247,sij,Numbami,Austronesian,-7.52806,147.298,parabank,Numbami numb1247.txt,20170709,,http://faroutliers.blogspot.de/2008/10/numbami-kinship-terminology-png.html,Parabank
p_nyawayginyaw1247,Nyawaygi_nyaw1247,nyaw1247,nyt,Nyawaygi,Pama-Nyungan,-18.8743,146.216,parabank,Nyawaygi nyaw1247.txt,20170321,,,Parabank
p_nyulnyulnyul1247,Nyulnyul_nyul1247,nyul1247,nyv,Nyulnyul,,-16.9129,122.851,parabank,Nyulnyul nyul1247.txt,20161130,,,Parabank
p_olalolal1237,Olal_olal1237,olal1237,,Olal,Austronesian,,,parabank,Olal olal1237.txt,20180123,,,Parabank
p_oldjavanesekawikawi1241,Old_Javanese_(Kawi)_kawi1241,kawi1241,kaw,Kawi,Austronesian,-7,111,parabank,Old Javanese (Kawi) kawi1241.txt,20170709,,,Parabank
p_oldraparaparapa1245,Old_Rapa_(Rapa)_rapa1245,rapa1245,ray,Old Rapa,Austronesian,-27.6304,-144.338,parabank,Old Rapa (Rapa) rapa1245.txt,20170518,,,Parabank
p_owasantaanaowaa1237,Owa_(Santa_Ana)_owaa1237,owaa1237,stn,Owa,Austronesian,-10.82553,162.30467,parabank,Owa (Santa Ana) owaa1237.txt,20170716,,,Parabank
p_pacohpaco1243,Pacoh_paco1243,paco1243,pac,Pacoh,Austroasiatic,16.3353,107.094,parabank,Pacoh paco1243.txt,20161121,,,Parabank
p_padoepado1242,Padoe_pado1242,pado1242,pdo,Padoe,Austronesian,-2.60642,121.236,parabank,Padoe pado1242.txt,20161209,,,Parabank
p_pagupagu1249,Pagu_pagu1249,pagu1249,pgu,Pagu,,1.2134,127.78,parabank,Pagu pagu1249.txt,20170612,Data incomplete and source word list requires interpretation,,Parabank
p_paicipaic1239,Paici_paic1239,paic1239,pri,Paicî,Austronesian,-21.096,165.15,parabank,Paici paic1239.txt,,"Orthography doesn't show tones. For explanation of orthography, see Rivierre, C.-J. 1983. Dictionnaire paicî-français, suivi d'un lexique français-paici. Paris, SELAF.",,Parabank
p_paiwanpaiw1248,Paiwan_paiw1248,paiw1248,pwn,Paiwan,Austronesian,22.3271,120.806,parabank,Paiwan paiw1248.txt,20170709,,,Parabank
p_palauanpala1344,Palauan_pala1344,pala1344,pau,Palauan,Austronesian,7.34138,134.476678,parabank,Palauan pala1344.txt,20170710,,,Parabank
p_paluaibalu1257,Paluai_balu1257,balu1257,blq,Paluai,Austronesian,-2.5604,147.282,parabank,Paluai balu1257.txt,,,,Parabank
p_pamapaamanesepaam1238,Pama_(Paamanese)_paam1238,paam1238,pma,Paama,Austronesian,-16.47548,168.23693,parabank,Pama (Paamanese) paam1238.txt,,,,Parabank
p_pampangakampampanganpamp1243,Pampanga_(Kampampangan)_pamp1243,pamp1243,pam,Pampanga,Austronesian,14.9603,120.502,parabank,Pampanga (Kampampangan) pamp1243.txt,20170621,,,Parabank
p_pangasinanpang1290,Pangasinan_pang1290,pang1290,pag,Pangasinan,Austronesian,15.9377,120.365,parabank,Pangasinan pang1290.txt,20170711,,,Parabank
p_patanipata1260,Patani_pata1260,pata1260,ptn,Patani,Austronesian,0.34096,128.634,parabank,Patani pata1260.txt,20170612,Data incomplete and source word list requires interpretation,,Parabank
p_pendaupend1242,Pendau_pend1242,pend1242,ums,Pendau,Austronesian,-0.11396,119.862,parabank,Pendau pend1242.txt,20161207,,,Parabank
p_penrhyntongarevapenr1237,Penrhyn_(Tongareva)_penr1237,penr1237,pnh,Māngarongaro,Austronesian,-9.082238,-157.922908,parabank,Penrhyn (Tongareva) penr1237.txt,20170518,,,Parabank
p_petapatajetaje1237a,Petapa_Taje_taje1237a,taje1237,pee,Taje,Austronesian,-0.72583,120.078,parabank,Petapa Taje taje1237a.txt,,,,Parabank
p_pohnpeianpohn1238,Pohnpeian_pohn1238,pohn1238,pon,Pohnpeian,Austronesian,6.87212,158.223,parabank,Pohnpeian pohn1238.txt,20170711,,,Parabank
p_pohnpeianpohn1238a,Pohnpeian_pohn1238a,pohn1238,pon,Pohnpeian,Austronesian,6.87212,158.223,parabank,Pohnpeian pohn1238a.txt,,,,Parabank
p_portsandwichport1285,Port_Sandwich_port1285,port1285,psw,Port Sandwich,Austronesian,-16.4952,167.78,parabank,Port Sandwich port1285.txt,20171108,,,Parabank
p_prakaaprak1243,Prakaa_prak1243,prak1243,,Prakaa,Sino-Tibetan,,,parabank,Prakaa prak1243.txt,20161201,,,Parabank
p_protooceanicocea1241,Proto-Oceanic_ocea1241,ocea1241,,Oceanic,Austronesian,,,parabank,Proto-Oceanic ocea1241.txt,,,http://press-files.anu.edu.au/downloads/press/p69411/mobile/ch03s02.html,Parabank
p_protosogeramsoge1235,Proto_Sogeram_soge1235,soge1235,,Sogeram,Nuclear Trans New Guinea,,,parabank,Proto_Sogeram_soge1235.txt,,,,Parabank
p_pukapukapuka1242,Pukapuka_puka1242,puka1242,pkp,Pukapuka,Austronesian,-10.91,-165.83,parabank,Pukapuka puka1242.txt,,,,Parabank
p_puluwatesepuluwatpulu1242,Puluwatese_(Puluwat)_pulu1242,pulu1242,puw,Puluwatese,Austronesian,7.35695,149.2005,parabank,Puluwatese (Puluwat) pulu1242.txt,20170401,,,Parabank
p_raderhaderade1240,Rade_(Rhade)_rade1240,rade1240,rad,Rade,Austronesian,12.979,108.41,parabank,Rade (Rhade) rade1240.txt,20170530,,,Parabank
p_ragahanohano1246,Raga_(Hano)_hano1246,hano1246,lml,Hano,Austronesian,-15.5432,168.167,parabank,Raga (Hano) hano1246.txt,20170712,,,Parabank
p_ragahanothomasenneverhano1246b,Raga_(Hano_Thomas_Ennever)_hano1246b,hano1246,lml,Hano,Austronesian,-15.5432,168.167,parabank,Raga (Hano Thomas Ennever) hano1246b.txt,,,,Parabank
p_rahambuuraha1237,Rahambuu_raha1237,raha1237,raz,Rahambuu,Austronesian,-3.24627,121.059,parabank,Rahambuu raha1237.txt,20161209,,,Parabank
p_rakahangamanihikiraka1237,Rakahanga-Manihiki_raka1237,raka1237,rkh,Rakahanga-Manihiki,Austronesian,-10.03,-161.09,parabank,Rakahanga-Manihiki raka1237.txt,,,,Parabank
p_rangioranwtuamotustuam1242,Rangiora_(NW_Tuamotus)_tuam1242,tuam1242,pmt,Tuamotuan,Austronesian,-16.17259,-146.321755,parabank,Rangiora (NW Tuamotus) tuam1242.txt,20170518,,,Parabank
p_rapanuieasterislandrapa1244,Rapanui_(Easter_Island)_rapa1244,rapa1244,rap,Rapanui,Austronesian,-27.113,-109.342,parabank,Rapanui (Easter Island) rapa1244.txt,20170517,,,Parabank
p_rarotongancookislandsmaoriraro1241,Rarotongan_(Cook_Islands_Maori)_raro1241,raro1241,rar,Southern Cook Island Maori,Austronesian,-21.23,-159.78,parabank,Rarotongan (Cook Islands Maori) raro1241.txt,20170602,,,Parabank
p_ratagnonrata1245,Ratagnon_rata1245,rata1245,btn,Ratagnon,Austronesian,12.2785,121.187,parabank,Ratagnon rata1245.txt,20170616,,,Parabank
p_rejangrejangesereja1240,Rejang_(Rejangese)_reja1240,reja1240,rej,Rejang,Austronesian,-3.33056,102.434,parabank,Rejang (Rejangese) reja1240.txt,20170713,,,Parabank
p_riantanarian1263,Riantana_rian1263,rian1263,ran,Riantana,,-7.50746,138.484,parabank,Riantana rian1263.txt,20170322,,,Parabank
p_riukbekatidayakbeka1241,Riuk_Bekati'_(Dayak)_beka1241,beka1241,bei,Riuk Bekati',Austronesian,1.3307,109.576,parabank,Riuk Bekati' (Dayak) beka1241.txt,20170614,,,Parabank
p_rotokasroto1249,Rotokas_roto1249,roto1249,roo,Rotokas,,-5.94339,155.154,parabank,Rotokas roto1249.txt,20190717,,,Parabank
p_rotumanrotu1241,Rotuman_rotu1241,rotu1241,rtm,Rotuman,Austronesian,-12.5008,177.066,parabank,Rotuman rotu1241.txt,20170713,,,Parabank
p_routarout1237,Routa_rout1237,rout1237,,Routa,Austronesian,,,parabank,Routa rout1237.txt,20161209,,,Parabank
p_rovianarovi1238,Roviana_rovi1238,rovi1238,rug,Roviana,Austronesian,-8.20493,157.408,parabank,Roviana rovi1238.txt,20170714,,,Parabank
p_russianruss1263a,Russian_russ1263a,russ1263,rus,Russian,Indo-European,59,50,parabank,Russian russ1263.txt,20180413,"Filled out by NE, needs checking by native speaker. Does not include archaic terms like сыновец / сыновеца for (man's) brother's son/daughter, it would be good to fill out a separate Russian sheet (or more than one) for earlier systems]",,Parabank
p_saaroasaar1237,Saaroa_saar1237,saar1237,sxr,Saaroa,Austronesian,23.2632,120.711,parabank,Saaroa saar1237.txt,20170621,,,Parabank
p_samoansamo1305a,Samoan_samo1305a,samo1305,smo,Samoan,Austronesian,-13.92,-171.83,parabank,Samoan samo1305.txt,20170515,,,Parabank
p_sangtamnagasang1321,Sangtam_Naga_sang1321,sang1321,nsa,Sangtam Naga,Sino-Tibetan,25.8581,94.6279,parabank,Sangtam Naga sang1321.txt,,Two clans use different terms wherever indecated by / . Cousin terminology depends on the birth order of speaker and cousin.,,Parabank
p_saranganiblaansara1326,Sarangani_Blaan_sara1326,sara1326,bps,Sarangani Blaan,Austronesian,6.03691,125.354,parabank,Sarangani Blaan sara1326.txt,,,,Parabank
p_sasaaa1241,Sa_saaa1241,saaa1241,sax,Sa,Austronesian,-15.9534,168.228,parabank,Sa saaa1241.txt,20180123,,,Parabank
p_satawalesesata1237,Satawalese_sata1237,sata1237,stw,Satawalese,Austronesian,7.36084,147.038,parabank,Satawalese sata1237.txt,20170717,,,Parabank
p_sawaisawa1247,Sawai_sawa1247,sawa1247,szw,Sawai,Austronesian,0.51111,128.086,parabank,Sawai sawa1247.txt,20170612,Data incomplete and source word list requires interpretation,,Parabank
p_sekeskeseke1241,Seke_(Ske)_seke1241,seke1241,ske,Seke (Vanuatu),Austronesian,-15.8839,168.197,parabank,Seke (Ske) seke1241.txt,20180109,,,Parabank
p_senbareiunua1237,Senbarei_unua1237,unua1237,onu,Unua,Austronesian,-16.2638,167.599,parabank,Senbarei unua1237.txt,,,,Parabank
p_sherpasher1255,Sherpa_sher1255,sher1255,xsr,Solu-Khumbu Sherpa,Sino-Tibetan,27.674,86.9994,parabank,Sherpa sher1255.txt,20161201,,,Parabank
p_siesyesiee1239,Sie_(Sye)_siee1239,siee1239,erg,Sie,Austronesian,-18.8181,169.166,parabank,Sie (Sye) siee1239.txt,20161208,,,Parabank
p_sikaianasika1261,Sikaiana_sika1261,sika1261,sky,Sikaiana,Austronesian,-8.378194,162.72952,parabank,Sikaiana sika1261.txt,20170717,,"Capell, Arthur. 1935, 1936, 1936, 1936, 1937. The Sikayana language: A preliminary grammar and vocabulary and a Sikayana vocabulary. Journal of the Polynesian Society 44, 45, 45, 45, 46. 163-172, 9-16, 67-73, 142-153, 24-31. AND: sikaianaarchives.com/ethnography/chapter-6/",Parabank
p_sikasika1262,Sika_sika1262,sika1262,ski,Sika,Austronesian,-8.67302,122.38,parabank,Sika sika1262.txt,20170717,,,Parabank
p_sonsorolsons1242,Sonsorol_sons1242,sons1242,sov,Sonsorol,Austronesian,5.328596,132.221282,parabank,Sonsorol sons1242.txt,20170712,,,Parabank
p_sougbmani1235,Sougb_mani1235,mani1235,mnx,Sougb,,-1.49611,133.95,parabank,Sougb mani1235.txt,,,,Parabank
p_southeastambrymsout2859,Southeast_Ambrym_sout2859,sout2859,tvk,Southeast Ambrym,Austronesian,-16.2975,168.211,parabank,Southeast Ambrym sout2859.txt,,,,Parabank
p_southeastbabarsout2883,Southeast_Babar_sout2883,sout2883,vbb,Southeast Babar,Austronesian,-7.94359,129.8,parabank,Southeast Babar sout2883.txt,20170717,,,Parabank
p_southefatesout2856a,South_Efate_sout2856a,sout2856,erk,South Efate,Austronesian,-17.7006,168.377,parabank,South Efate sout2856a.txt,,,,Parabank
p_southtuvaluanvaitupusout2865,South_Tuvaluan_(Vaitupu)_sout2865,sout2865,,South Tuvaluan,Austronesian,,,parabank,South Tuvaluan (Vaitupu) sout2865.txt,20170516,,,Parabank
p_southwesttannasout2869,Southwest_Tanna_sout2869,sout2869,nwi,Southwest Tanna,Austronesian,-19.57953,169.35603,parabank,Southwest Tanna sout2869.txt,20170717,,,Parabank
p_sukisuki1245,Suki_suki1245,suki1245,sui,Suki,,-8.04783,141.842,parabank,Suki suki1245.txt,20170322,,,Parabank
p_sulafagudusula1245,Sula_Fagudu_sula1245,sula1245,szn,Sula,Austronesian,-2.30765,125.966,parabank,Sula Fagudu sula1245.txt,20170608,Data incomplete and source word list requires interpretation,,Parabank
p_sulamangolimang1408,Sula_Mangoli_mang1408,mang1408,mqc,Mangole,Austronesian,-1.87941,125.822,parabank,Sula Mangoli mang1408.txt,20170608,Data incomplete and source word list requires interpretation,,Parabank
p_sundanesesund1252,Sundanese_sund1252,sund1252,sun,Sundanese,Austronesian,-6.89708,107.106,parabank,Sundanese sund1252.txt,20170718,,,Parabank
p_sungagagemari1426i,Sungagage_mari1426i,mari1426,mrb,Sunwadia,Austronesian,-14.970047,168.057941,parabank,Sungagage mari1426i.txt,,,,Parabank
p_sungwadagamari1426b,Sungwadaga_mari1426b,mari1426,mrb,Sunwadia,Austronesian,-14.970047,168.057941,parabank,Sungwadaga mari1426b.txt,,,,Parabank
p_sungwadiamari1426a,Sungwadia_mari1426a,mari1426,mrb,Sunwadia,Austronesian,-14.970047,168.057941,parabank,Sungwadia mari1426a.txt,,,,Parabank
p_sungwalogenalembaedwardmari1426g,Sungwaloge_(Nalemba_Edward)_mari1426g,mari1426,mrb,Sunwadia,Austronesian,-14.970047,168.057941,parabank,Sungwaloge (Nalemba Edward) mari1426g.txt,,,,Parabank
p_sungwalogenalembasimeonetarimari1426f,Sungwaloge_(Nalemba_Simeone_Tari)_mari1426f,mari1426,mrb,Sunwadia,Austronesian,-14.970047,168.057941,parabank,Sungwaloge (Nalemba Simeone_Tari) mari1426f.txt,,,,Parabank
p_sungwalogenavenvenemari1426d,Sungwaloge_(Navenvene)_mari1426d,mari1426,mrb,Sunwadia,Austronesian,-14.970047,168.057941,parabank,Sungwaloge (Navenvene) mari1426d.txt,,,,Parabank
p_sungwalogetautamari1426e,Sungwaloge_(Tauta)_mari1426e,mari1426,mrb,Sunwadia,Austronesian,-14.970047,168.057941,parabank,Sungwaloge (Tauta) mari1426e.txt,,,,Parabank
p_sungwalogetawetmari1426c,Sungwaloge_(Tawet)_mari1426c,mari1426,mrb,Sunwadia,Austronesian,-14.970047,168.057941,parabank,Sungwaloge (Tawet) mari1426c.txt,,,,Parabank
p_sunwadiamari1426,Sunwadia_mari1426,mari1426,mrb,Sunwadia,Austronesian,-14.970047,168.057941,parabank,Sunwadia mari1426.txt,20180109,,,Parabank
p_suzhoushan1293,Suzhou_shan1293,shan1293,,Shanghainese,Sino-Tibetan,31.222902,121.475372,parabank,Suzhou shan1293.txt,,,,Parabank
p_suzhousuzh1234,Suzhou_suzh1234,suzh1234,,Suzhou,Sino-Tibetan,31.3280439,120.364116,parabank,Suzhou suzh1234.txt,,,,Parabank
p_tadyawantady1237,Tadyawan_tady1237,tady1237,tdy,Tadyawan,Austronesian,13.0211,121.305,parabank,Tadyawan tady1237.txt,20170616,,,Parabank
p_tagalogtaga1270,Tagalog_taga1270,taga1270,tgl,Tagalog,Austronesian,14.06,121.747,parabank,Tagalog taga1270.txt,20170406,,,Parabank
p_tahitiantahi1242,Tahitian_tahi1242,tahi1242,tah,Tahitian,Austronesian,-17.6485,-149.45,parabank,Tahitian tahi1242.txt,20170518,,,Parabank
p_tajiotaji1246,Tajio_taji1246,taji1246,tdj,Tajio,Austronesian,-0.31553,120.01,parabank,Tajio taji1246.txt,20161207,,,Parabank
p_takiataki1248,Takia_taki1248,taki1248,tbc,Takia,Austronesian,-4.69057,145.975,parabank,Takia taki1248.txt,20170704,,,Parabank
p_takuutaku1257,Takuu_taku1257,taku1257,nho,Takuu,Austronesian,-4.773094,157.032085,parabank,Takuu taku1257.txt,20161128,,,Parabank
p_talibabutali1262,Talibabu_tali1262,tali1262,tlv,Taliabu,Austronesian,-1.79516,124.869,parabank,Talibabu tali1262.txt,20170608,Data incomplete and source word list requires interpretation,,Parabank
p_talisetolotali1259,Talise_(Tolo)_tali1259,tali1259,tlr,Talise,Austronesian,-9.76764,160.231,parabank,Talise (Tolo) tali1259.txt,2017020,,,Parabank
p_tamambomalo1243,Tamambo_malo1243,malo1243,mla,Tamambo,Austronesian,-15.6835,167.16,parabank,Tamambo malo1243.txt,,,,Parabank
p_tanampedagitajetaje1237b,Tanampedagi_Taje_taje1237b,taje1237,pee,Taje,Austronesian,-0.72583,120.078,parabank,Tanampedagi Taje taje1237b.txt,,,,Parabank
p_tangoamovonotang1347,Tangoa_(Movono)_tang1347,tang1347,tgp,Movono,Austronesian,-15.5643,166.958,parabank,Tangoa (Movono) tang1347.txt,20180109,,,Parabank
p_tasikotasi1237,Tasiko_tasi1237,tasi1237,,Tasiko,Austronesian,,,parabank,Tasiko tasi1237.txt,20171010,,,Parabank
p_taumakotaum1237,Taumako_taum1237,taum1237,,Taumako,Austronesian,,,parabank,Taumako taum1237.txt,20170515,,,Parabank
p_tausugsulumorotaus1251,Tausug_(Sulu_Moro)_taus1251,taus1251,tsg,Tausug,Austronesian,5.12236,118.88,parabank,Tausug (Sulu Moro) taus1251.txt,20170406,,,Parabank
p_tausugtaus1251a,Tausug_taus1251a,taus1251,tsg,Tausug,Austronesian,5.12236,118.88,parabank,Tausug taus1251a.txt,,,,Parabank
p_teiwateiw1235,Teiwa_teiw1235,teiw1235,twe,Teiwa,,-8.37662,124.174,parabank,Teiwa teiw1235.txt,20170621,,,Parabank
p_tetumtetuntetu1245,Tetum_(Tetun)_tetu1245,tetu1245,tet,Tetum,Austronesian,-9.11217,125.528,parabank,Tetum (Tetun) tetu1245.txt,20170531,,,Parabank
p_tetundilitetumtetu1246,Tetun_Dili_(Tetum)_tetu1246,tetu1246,tdt,Tetun Dili,Austronesian,-8.58405,125.583,parabank,Tetun Dili (Tetum) tetu1246.txt,20170719,,,Parabank
p_thaothao1240,Thao_thao1240,thao1240,ssf,Thao,Austronesian,23.8333,120.93,parabank,Thao thao1240.txt,2017020,,,Parabank
p_thayorekuukthaayorrethay1249,Thayore_(Kuuk_Thaayorre)_thay1249,thay1249,thd,Thayore,Pama-Nyungan,-14.8159,142.034,parabank,Thayore (Kuuk Thaayorre) thay1249.txt,20171211,,,Parabank
p_tialetial1239,Tiale_tial1239,tial1239,mnl,Tiale,Austronesian,-15.2334,166.842,parabank,Tiale tial1239.txt,20161130,,,Parabank
p_tialotominitomi1243,Tialo_(Tomini)_tomi1243,tomi1243,txm,Tomini,Austronesian,0.42569,120.89,parabank,Tialo (Tomini) tomi1243.txt,20161207,,,Parabank
p_tidoreversion1tido1248,Tidore_(version_1)_tido1248,tido1248,tvo,Tidore,,0.02461,127.746,parabank,Tidore (version 1) tido1248.txt,20170612,Data incomplete and source word list requires interpretation,,Parabank
p_tidoreversion2tido1248a,Tidore_(version_2)_tido1248a,tido1248,tvo,Tidore,,0.02461,127.746,parabank,Tidore (version 2) tido1248a.txt,,,,Parabank
p_tigaktiga1245,Tigak_tiga1245,tiga1245,tgc,Tigak,Austronesian,-2.70951,150.893,parabank,Tigak tiga1245.txt,20170401,Kinship nouns al­ways have a possessive suffix.,,Parabank
p_tikopiatiko1237a,Tikopia_tiko1237a,tiko1237,tkp,Tikopia,Austronesian,-12.2766,168.822,parabank,Tikopia tiko1237.txt,,,,Parabank
p_tiraxmaemaee1241,Tirax_(Mae)_maee1241,maee1241,mme,Tirax,Austronesian,-15.9914,167.288,parabank,Tirax (Mae) maee1241.txt,20180117,,,Parabank
p_tirimeagrandcoulitiri1258,Tiri-Mea_(Grand_Couli)_tiri1258,tiri1258,cir,Tiri-Mea,Austronesian,-21.8147,165.792,parabank,Tiri-Mea (Grand Couli) tiri1258.txt,20170404,,,Parabank
p_tokelautoke1240a,Tokelau_toke1240a,toke1240,tkl,Tokelau,Austronesian,-9.227642,-171.780833,parabank,Tokelau toke1240.txt,20170516,,,Parabank
p_tokotuakabaenakaba1285,Tokotu'a_(Kabaena)_kaba1285,kaba1285,,Kabaena,Austronesian,,,parabank,Tokotu'a (Kabaena) kaba1285.txt,20161209,,,Parabank
p_tokpisintokp1240,Tok_Pisin_tokp1240,tokp1240,tpi,Tok Pisin,Indo-European,-9.41971,147.303,parabank,Tok Pisin tokp1240.txt,20170628,,,Parabank
p_tolakitola1247,Tolaki_tola1247,tola1247,lbw,Tolaki,Austronesian,-4.03577,121.888,parabank,Tolaki tola1247.txt,20161209,,,Parabank
p_tomadinotoma1248,Tomadino_toma1248,toma1248,tdi,Tomadino,Austronesian,-2.56493,121.944,parabank,Tomadino toma1248.txt,20161209,,,Parabank
p_tombulutomb1243,Tombulu_tomb1243,tomb1243,tom,Tombulu,Austronesian,1.39715,124.754,parabank,Tombulu tomb1243.txt,2017021,,,Parabank
p_tongatongaislandstong1325,Tonga_(Tonga_Islands)_tong1325,tong1325,ton,Tonga (Tonga Islands),Austronesian,-21.17,-175.25,parabank,Tonga (Tonga Islands) tong1325.txt,,,,Parabank
p_tonseatons1240,Tonsea_tons1240,tons1240,txs,Tonsea,Austronesian,1.51393,125.052,parabank,Tonsea tons1240.txt,2017021,,http://makatana.blogspot.de/2009/06/kinship-term-in-tonsea-language.html,Parabank
p_toqabaqitatoab1237,Toqabaqita_toab1237,toab1237,mlu,To'abaita,Austronesian,-8.39233,160.619,parabank,Toqabaqita toab1237.txt,20161125,,,Parabank
p_toretetore1237,Torete_tore1237,tore1237,,Torete,Austronesian,,,parabank,Torete tore1237.txt,20161209,,,Parabank
p_torresstraitcreolebrokentorr1261,Torres_Strait_Creole_(Broken)_torr1261,torr1261,tcs,Torres Strait Creole,Indo-European,-11.066,142.692,parabank,Torres Strait Creole (Broken) torr1261.txt,20170314,,,Parabank
p_totolitoto1304,Totoli_toto1304,toto1304,txe,Totoli,Austronesian,1.14995,120.875,parabank,Totoli toto1304.txt,20161207,,,Parabank
p_tubuaitubu1240,Tubuai_tubu1240,tubu1240,,Tubuai,Austronesian,,,parabank,Tubuai tubu1240.txt,20170518,,,Parabank
p_tucanoanbarawaim1255,Tucanoan_Bará_waim1255,waim1255,bao,Waimaha,,0.30416,-70.1644,parabank,Tucanoan Bará waim1255.txt,,,,Parabank
p_tukangbesisouthtuka1249,Tukang_Besi_South_tuka1249,tuka1249,bhq,Tukang Besi South,Austronesian,-5.7478,123.948,parabank,Tukang Besi South tuka1249.txt,20170712,,,Parabank
p_tulambatutula1253,Tulambatu_tula1253,tula1253,,Tulambatu,Austronesian,,,parabank,Tulambatu tula1253.txt,20161209,,,Parabank
p_tungagtung1290,Tungag_tung1290,tung1290,lcm,Tungag,Austronesian,-2.52188,150.198,parabank,Tungag tung1290.txt,2017021,,https://www.google.de/search?q=tungag+kinship&ie=utf-8&oe=utf-8&client=firefox-b-ab&gfe_rd=cr&ei=TZNzWY-LLK_VXqPBssgN,Parabank
p_turkishnucl1301,Turkish_nucl1301,nucl1301,tur,Turkish,Turkic,39.8667,32.8667,parabank,Turkish nucl1301.txt,20180413,"Turkish, data from Sıdıka Dursun",,Parabank
p_turungturu1249,Turung_turu1249,turu1249,try,Turung,Tai-Kadai,26.3441,92.2676,parabank,Turung turu1249.txt,20161121,a (/a-/) prefix denoting one's own relative. k- (/kə-/) prefix denoting another's relative,,Parabank
p_tuvalunanumeatuva1244,Tuvalu_(Nanumea)_tuva1244,tuva1244,tvl,Tuvalu,Austronesian,-8.520813,179.198088,parabank,Tuvalu (Nanumea) tuva1244.txt,20170531,,,Parabank
p_umajumankayanumaj1240,Uma_Juman_(Kayan)_umaj1240,umaj1240,,Uma Juman,Austronesian,,,parabank,Uma Juman (Kayan) umaj1240.txt,20170325,,,Parabank
p_umiraydumagetagtaumir1236,Umiray_Dumaget_Agta_umir1236,umir1236,due,Umiray Dumaget Agta,Austronesian,14.8757,121.508,parabank,Umiray Dumaget Agta umir1236.txt,,,,Parabank
p_unuaunua1237,Unua_unua1237,unua1237,onu,Unua,Austronesian,-16.2638,167.599,parabank,Unua unua1237.txt,20171113,,,Parabank
p_uradhiatampayaatam1239,Uradhi_(Atampaya)_atam1239,atam1239,amz,Atampaya,Pama-Nyungan,-11.0018,142.273,parabank,Uradhi (Atampaya) atam1239.txt,,,,Parabank
p_uraklawoiurak1238,Urak_Lawoi_urak1238,urak1238,urk,Urak Lawoi',Austronesian,7.5258,99.0768,parabank,Urak Lawoi urak1238.txt,20170601,,,Parabank
p_uraurav1235,Ura_urav1235,urav1235,uur,Ura (Vanuatu),Austronesian,-18.6747,169.084,parabank,Ura urav1235.txt,20170105,,,Parabank
p_uripivwalaranoatchinurip1239,Uripiv-Wala-Rano-Atchin_urip1239,urip1239,upv,Uripiv-Wala-Rano-Atchin,Austronesian,-16.00951,167.34643,parabank,Uripiv-Wala-Rano-Atchin urip1239.txt,20171027,,,Parabank
p_vaekautaumakopile1238,Vaekau-Taumako_pile1238,pile1238,piv,Vaeakau-Taumako,Austronesian,-10.173335,166.247188,parabank,Vaekau-Taumako pile1238.txt,2017022,,,Parabank
p_vaovaoo1237,Vao_vaoo1237,vaoo1237,vao,Vao,Austronesian,-15.898299,167.309973,parabank,Vao vaoo1237.txt,20171030,alternative column lists reference terms,,Parabank
p_varisivari1239,Varisi_vari1239,vari1239,vrs,Varisi,Austronesian,-6.83443,156.655,parabank,Varisi vari1239.txt,2017022,,,Parabank
p_veraavera1241,Vera'a_vera1241,vera1241,vra,Vera'a,Austronesian,-13.892528,167.428701,parabank,Vera'a vera1241.txt,20180125,,,Parabank
p_vuresvure1239,Vures_vure1239,vure1239,msn,Vurës,Austronesian,-13.905677,167.451412,parabank,Vures vure1239.txt,20171031,,,Parabank
p_waiawaia1242,Waia_waia1242,waia1242,,Waia (Bungku),Austronesian,,,parabank,Waia waia1242.txt,20161209,,,Parabank
p_wallisianeastuveawall1257,Wallisian_(East_Uvea)_wall1257,wall1257,wls,East Uvean,Austronesian,-13.2903,-176.207,parabank,Wallisian (East Uvea) wall1257.txt,,,,Parabank
p_wambayawamb1258,Wambaya_wamb1258,wamb1258,wmb,Wambayan,,-17.496,135.683,parabank,Wambaya wamb1258.txt,20170109,,,Parabank
p_wangkajungawang1288,Wangkajunga_wang1288,wang1288,,Wangkajunga,Pama-Nyungan,,,parabank,Wangkajunga wang1288.txt,,,,Parabank
p_wangkangurruwang1290a,Wangkangurru_wang1290a,wang1290,wgg,Wangganguru,Pama-Nyungan,-25.8148,135.941,parabank,Wangkangurru wang1290.txt,20170127,,,Parabank
p_warlpiriwarl1254a,Warlpiri_warl1254a,warl1254,wbp,Warlpiri,Pama-Nyungan,-20.1008,131.05,parabank,Warlpiri warl1254.txt,,"Warlpiri language, Pama-Nyungan Family, informants Maggie Tukumba and Dudley Lawrence. General note: kin terms are normally suffixed with an appropriate possessive suffix, here only the 1sg 'my' -na is used (on disyllablic stem). ng = ŋ, ny = ɲ, rn = ɳ, j = c, rt = ʈ, rl = ɭ, rd = ɽ, rr = r, r = ɻ.",,Parabank
p_warrnamboolwarr1257,Warrnambool_warr1257,warr1257,gjm,Warrnambool,Pama-Nyungan,-38.15561291,141.5396585,parabank,Warrnambool warr1257.txt,20161201,,,Parabank
p_wartathuntaigunt1241,Warta_Thuntai_gunt1241,gunt1241,gnt,Warta Thuntai,,-8.80806,141.253,parabank,Warta Thuntai gunt1241.txt,,,,Parabank
p_waruwaru1266,Waru_waru1266,waru1266,wru,Waru,Austronesian,-3.412,122.058,parabank,Waru waru1266.txt,20161209,,,Parabank
p_wathwurrungwath1238,Wathwurrung_wath1238,wath1238,wth,Wathawurrung,Pama-Nyungan,-37.68777565,144.1013148,parabank,Wathwurrung wath1238.txt,20170106,,,Parabank
p_watutwatu1246,Watut_watu1246,watu1246,,Watut,Austronesian,,,parabank,Watut watu1246.txt,,Cousin terminology depends on birth order of linking parent.,,Parabank
p_wawoniiwawo1239,Wawonii_wawo1239,wawo1239,wow,Wawonii,Austronesian,-4.13587,123.1,parabank,Wawonii wawo1239.txt,20161209,,,Parabank
p_wedaweda1240,Weda_weda1240,weda1240,,Weda,Austronesian,,,parabank,Weda weda1240.txt,20170612,Data incomplete and source word list requires interpretation,,Parabank
p_wersingwers1238,Wersing_wers1238,wers1238,kvw,Wersing,,-8.33936,124.932,parabank,Wersing wers1238.txt,20170621,,,Parabank
p_westcoastbajauwest2560,West_Coast_Bajau_west2560,west2560,bdr,West Coast Bajau,Austronesian,6.00631,116.124,parabank,West Coast Bajau west2560.txt,2017025,,,Parabank
p_westernbukidnonmanobowest2555,Western_Bukidnon_Manobo_west2555,west2555,mbb,Western Bukidnon Manobo,Austronesian,7.6682,124.825,parabank,Western Bukidnon Manobo west2555.txt,20170703,,,Parabank
p_westernpantarlamm1241,Western_Pantar_lamm1241,lamm1241,lev,Western Pantar,,-8.52787,124.057,parabank,Western Pantar lamm1241.txt,20170621,,,Parabank
p_westerntawbuidbatanganwest2559,Western_Tawbuid_(Batangan)_west2559,west2559,twb,Western Tawbuid,Austronesian,12.8227,121.026,parabank,Western Tawbuid (Batangan) west2559.txt,20170616,,,Parabank
p_westfutunawest2515,West_Futuna_west2515,west2515,,West Futuna,Austronesian,,,parabank,West Futuna west2515.txt,20170511,,,Parabank
p_westkewawest2599,West_Kewa_west2599,west2599,kew,West Kewa,Nuclear Trans New Guinea,-6.32097,143.73,parabank,West Kewa west2599.txt,20170401,,,Parabank
p_whitesandswhit1269,Whitesands_whit1269,whit1269,tnp,Whitesands,Austronesian,-19.5019,169.381,parabank,Whitesands whit1269.txt,20180109,,,Parabank
p_wipiwipi1242,Wipi_wipi1242,wipi1242,gdr,Wipi,,-8.79741,143.064,parabank,Wipi wipi1242.txt,,,,Parabank
p_wiwiranowiwi1237,Wiwirano_wiwi1237,wiwi1237,,Wiwirano,Austronesian,,,parabank,Wiwirano wiwi1237.txt,20161209,,,Parabank
p_wogeowoge1237,Wogeo_woge1237,woge1237,woc,Wogeo,Austronesian,-3.20238,144.089,parabank,Wogeo woge1237.txt,2017024,,,Parabank
p_woleaianwole1240,Woleaian_wole1240,wole1240,woe,Woleaian,Austronesian,7.37957,143.916,parabank,Woleaian wole1240.txt,2017024,,,Parabank
p_woliowoli1241,Wolio_woli1241,woli1241,wlo,Wolio,Austronesian,-5.33,122.67,parabank,Wolio woli1241.txt,2017024,,,Parabank
p_xalangimaevovanuatumari1426h,Xalangi_(Maevo_Vanuatu)_mari1426h,mari1426,mrb,Sunwadia,Austronesian,-14.970047,168.057941,parabank,Xalangi (Maevo Vanuatu) mari1426h.txt,,,,Parabank
p_xaracuucanalaxara1244,Xaracuu_(Canala)_xara1244,xara1244,ane,Xârâcùù,Austronesian,-21.7034,165.996,parabank,Xaracuu (Canala) xara1244.txt,20170404,,,Parabank
p_xibexibe1242,Xibe_xibe1242,xibe1242,sjo,Xibe,,43.5854,81.0034,parabank,Xibe_xibe1242.txt,20191210,,,Parabank
p_yabemyabe1254,Yabem_yabe1254,yabe1254,jae,Yabem,Austronesian,-6.67052,147.81,parabank,Yabem yabe1254.txt,20170531,,,Parabank
p_yadhaykenuyadh1237,Yadhaykenu_yadh1237,yadh1237,,Yadhaykenu,Pama-Nyungan,-11.314,142.725,parabank,Yadhaykenu yadh1237.txt,,,,Parabank
p_yakanyaka1277,Yakan_yaka1277,yaka1277,yka,Yakan,Austronesian,6.531023,122.021729,parabank,Yakan yaka1277.txt,2017025,,,Parabank
p_yalarnngayala1262a,Yalarnnga_yala1262a,yala1262,ylr,Yalarnnga,Pama-Nyungan,-21.731,139.511,parabank,Yalarnnga yala1262.txt,20161125,,,Parabank
p_yandruwandhayand1253a,Yandruwandha_yand1253a,yand1253,ynd,Yandruwandha,Pama-Nyungan,-28.4744,140.583,parabank,Yandruwandha yand1253.txt,20161201,,,Parabank
p_yeleyelidnyeyele1255,Yele_(Yélî_Dnye)_yele1255,yele1255,yle,Yele,,-11.3796,154.127,parabank,Yele (Yélî Dnye) yele1255.txt,20170306,,http://www.jstor.org/stable/25132364,Parabank
p_yelmekyelm1242,Yelmek_yelm1242,yelm1242,jel,Yelmek,,-7.4453,139.096,parabank,Yelmek yelm1242.txt,,,,Parabank
p_yidinyyidi1250a,Yidiny_yidi1250a,yidi1250,yii,Yidiñ,Pama-Nyungan,-17.1332,145.876,parabank,Yidiny yidi1250.txt,20171206,,,Parabank
p_yiryorontyiry1245,Yir-Yoront_yiry1245,yiry1245,yiy,Yir-Yoront,Pama-Nyungan,-15.1117,141.767,parabank,Yir-Yoront yiry1245.txt,20171211,,,Parabank
p_yugambalyugambehyuga1244,Yugambal_(Yugambeh)_yuga1244,yuga1244,yub,Yugambal,Pama-Nyungan,-27.803,153.082,parabank,Yugambal (Yugambeh) yuga1244.txt,20170109,,,Parabank
p_yukultaganggalidagang1267a,Yukulta_(Ganggalida)_gang1267a,gang1267,gcd,Ganggalida,,-17.5446,139.426,parabank,Yukulta (Ganggalida) gang1267a.txt,,,,Parabank
p_yuracareyura1255,Yuracare_yura1255,yura1255,yuz,Yuracaré,,-16.7479,-65.1224,parabank,Yuracare yura1255.txt,20170220,,,Parabank
p_zabanakiazaba1237,Zabana_(Kia)_zaba1237,zaba1237,kji,Zabana,Austronesian,-7.74311,158.753,parabank,Zabana (Kia) zaba1237.txt,20170627,,,Parabank
p_lebanesearabicstan1323,Lebanese_Arabic_stan1323,stan1323,,Standard Lebanese Arabic,Afro-Asiatic,34.17,36.05,parabank,Lebanese_Arabic_stan1323.csv,,,,Parabank
p_marra,Marra_mara1385,mara1385,mec,Marra,Other,,,parabank,Marra_mara1385.csv,20220920,,,Parabank
p_kriolroperriver,Kriol_Roper_River_krio1252,krio1252,rop,Kriol (Roper River),Indo-European,,,parabank,Kriol_Roper_River_krio1252.csv,20220920,,,Parabank
p_abuiabui1241,Abui_abui1241,abui1241,,Abui,Timor-Alor-Pantar,-8.31058,124.588,parabank,,,,,
p_adangadan1251,Adang_adan1251,adan1251,,Adang,Timor-Alor-Pantar,-8.18958,124.448,parabank,,,,,
p_agob-ende-kawamagob1244,Agob-Ende-Kawam_agob1244,agob1244,,Agob-Ende-Kawam,Pahoturi,-9.08521,142.532,parabank,,,,,
p_alamblakalam1246,Alamblak_alam1246,alam1246,,Alamblak,Sepik,-4.66307,143.316,parabank,,,,,
p_amanabaman1265,Amanab_aman1265,aman1265,,Amanab,Border,-3.51516,141.178,parabank,,,,,
p_auauuu1241,Au_auuu1241,auuu1241,,Au,Nuclear Torricelli,-3.53277,142.105,parabank,,,,,
p_imbonguimbo1238,Awa_imbo1238,imbo1238,,Imbongu,Nuclear Trans New Guinea,-6.13629,144.026,parabank,,,,,
p_xawia1234,Awiakay_awia1234,awia1234,,,Arafundi,,,parabank,,,,,
p_baruyabaru1267,Baruya_baru1267,baru1267,,Baruya,Angan,-6.89261,145.818,parabank,,,,,
p_berikberi1254,Berik_beri1254,beri1254,,Berik,Tor-Orya,-2.26904,138.866,parabank,,,,,
p_biluabilu1245,Bilua_bilu1245,bilu1245,,Bilua,Bilua,-7.92388,156.663,parabank,,,,,
p_blagarblag1240,Blagar_blag1240,blag1240,,Blagar,Timor-Alor-Pantar,-8.31787,124.251,parabank,,,,,
p_tereitere1278,Buin_tere1278,tere1278,,Terei,South Bougainville,-6.70051,155.745,parabank,,,,,
p_dadibidadi1250,Daribi_dadi1250,dadi1250,,Dadibi,Teberan,-6.65765,144.511,parabank,,,,,
p_doutaidout1240,Doutai_dout1240,dout1240,,Doutai,Lakes Plain,-3.24832,138.22,parabank,,,,,
p_dunaduna1248,Duna_duna1248,duna1248,,Duna,Duna,-5.41439,142.475,parabank,,,,,
p_eastkewaeast2516,East_Kave_east2516,east2516,,East Kewa,Nuclear Trans New Guinea,-6.32989,143.931,parabank,,,,,
p_edopiedop1238,Edopi_edop1238,edop1238,,Edopi,Lakes Plain,-3.11078,137.387,parabank,,,,,
p_eipomekeipo1242,Eipo_eipo1242,eipo1242,,Eipomek,Nuclear Trans New Guinea,-4.33691,140.045,parabank,,,,,
p_ekariekar1243,Ekari_ekar1243,ekar1243,,Ekari,Nuclear Trans New Guinea,-3.88974,136.018,parabank,,,,,
p_eraveerav1244,Erave_(South_Kewa)_erav1244,erav1244,,Erave,Nuclear Trans New Guinea,-6.55011,143.918,parabank,,,,,
p_foifoii1241,Foi_foii1241,foii1241,,Foi,East Kutubu,-6.47258,143.495,parabank,,,,,
p_forefore1270,Fore_fore1270,fore1270,,Fore,Nuclear Trans New Guinea,-6.64473,145.5065,parabank,,,,,
p_galelagale1259,Galeia_A_gale1259,gale1259,,Galela,North Halmahera,2.31461,128.44,parabank,,,,,
p_galelagale1259,Galeia_B_gale1259,gale1259,,Galela,North Halmahera,2.31461,128.44,parabank,,,,,
p_gimigimi1243,Gimi_gimi1243,gimi1243,,Gimi (Eastern Highlands),Nuclear Trans New Guinea,-6.42097,145.214,parabank,,,,,
p_lowergrandvalleydanilowe1415,Grand_Valley_Dani_lowe1415,lowe1415,,Lower Grand Valley Dani,Nuclear Trans New Guinea,-4.25684,138.992,parabank,,,,,
p_hewahewa1241,Hewa_hewa1241,hewa1241,,Hewa,Sepik,-5.03635,142.551,parabank,,,,,
p_hulihuli1244,Huli_huli1244,huli1244,,Huli,Nuclear Trans New Guinea,-5.97212,142.963,parabank,,,,,
p_isakakris1246,I'saka_(Krisa)_kris1246,kris1246,,I'saka,Sko,-2.80084,141.303,parabank,,,,,
p_iauiauu1242,Iau_iauu1242,iauu1242,,Iau,Lakes Plain,-3.14537,137.69,parabank,,,,,
p_iditaemeidii1243,Idi_idii1243,idii1243,,Idi-Taeme,Pahoturi,-8.75976,142.301,parabank,,,,,
p_suabosuab1238,Inanwatan_(Suabo)_suab1238,suab1238,,Suabo,Inanwatan,-2.07971,132.157,parabank,,,,,
p_isirawaisir1237,Isirawa_isir1237,isir1237,,Isirawa,Greater Kwerba,-1.88775,138.595,parabank,,,,,
p_iwamiwam1256,Iwam_iwam1256,iwam1256,,Iwam,Sepik,-4.27346,141.817,parabank,,,,,
p_kalamangkara1499,Kalamang_kara1499,kara1499,,Kalamang,West Bomberai,-3.47037,132.678,parabank,,,,,
p_kalamkala1397,Kalam_kala1397,kala1397,,Kalam,Nuclear Trans New Guinea,-5.25216,144.585,parabank,,,,,
p_kamangkama1365,Kamang_kama1365,kama1365,,Kamang,Timor-Alor-Pantar,-8.26897,124.792,parabank,,,,,
p_kamanokama1370,Kamano_kama1370,kama1370,,Kamano,Nuclear Trans New Guinea,-6.25829,145.728,parabank,,,,,
p_kanumkanu1280,Kanum_kanu1280,kanu1280,,Kanum,Morehead-Wasur,-8.91812,140.897,parabank,,,,,
p_kaurenaraukaur1271,Kaure_kaur1271,kaur1271,,Kaure-Narau,Kaure-Narau,-3.39188,140.14,parabank,,,,,
p_keyaganakeya1238,Kemiju_(Jate)_keya1238,keya1238,,Keyagana,Nuclear Trans New Guinea,-6.47599,145.464,parabank,,,,,
p_kemtuikkemt1242,Kemtuik_kemt1242,kemt1242,,Kemtuik,Nimboranic,-2.64894,140.372,parabank,,,,,
p_ketengbankete1254,Ketengban_kete1254,kete1254,,Ketengban,Nuclear Trans New Guinea,-4.50417,140.443,parabank,,,,,
p_eastkewaeast2516,Kewa_east2516,east2516,,East Kewa,Nuclear Trans New Guinea,-6.32989,143.931,parabank,,,,,
p_keyaganakeya1238,Keyagana_(Jate)_keya1238,keya1238,,Keyagana,Nuclear Trans New Guinea,-6.47599,145.464,parabank,,,,,
p_kilmerikilm1241,Kilmeri_kilm1241,kilm1241,,Kilmeri,Border,-2.88607,141.191,parabank,,,,,
p_kimaamakima1246,Kimaama_kima1246,kima1246,,Kimaama,Kolopom,-8.01899,138.355,parabank,,,,,
p_kuikuii1253,Kiraman_kuii1253,kuii1253,,Kui (Indonesia),Timor-Alor-Pantar,-8.38204,124.791,parabank,,,,,
p_southernkiwaisout2949,Kiwaian_sout2949,sout2949,,Southern Kiwai,Kiwaian,-8.64889,143.244,parabank,,,,,
p_klonkelo1247,Klon_kelo1247,kelo1247,,Klon,Timor-Alor-Pantar,-8.40688,124.429,parabank,,,,,
p_grasskoiarigras1249,Koiari_gras1249,gras1249,,Grass Koiari,Koiarian,-9.51218,147.437,parabank,,,,,
p_kombaikomb1274,Kombai_komb1274,komb1274,,Kombai,Nuclear Trans New Guinea,-5.54543,139.902,parabank,,,,,
p_kombakomb1273,Komba_komb1273,komb1273,,Komba,Nuclear Trans New Guinea,-6.16163,147.28,parabank,,,,,
p_komnzowara1294,Komnzo_wara1294,wara1294,,Anta-Komnzo-Wára-Wérè-Kémä,Morehead-Wasur,-8.64917,141.52,parabank,,,,,
p_westerndaniwest2594,Konda_(Western_Dani)_west2594,west2594,,Western Dani,Nuclear Trans New Guinea,-3.77127,138.217,parabank,,,,,
p_korafekora1295,Korafe_kora1295,kora1295,,Korafe,Nuclear Trans New Guinea,,,parabank,,,,,
p_korowaikoro1312,Korowai_koro1312,koro1312,,Korowai,Nuclear Trans New Guinea,-5.26952,140.047,parabank,,,,,
p_kumankuma1280,Kuman_kuma1280,kuma1280,,Kuman,Nuclear Trans New Guinea,-5.90586,144.977,parabank,,,,,
p_kunimaipakuni1267,Kunimaipa_kuni1267,kuni1267,,Kunimaipa,Goilalan,-8.09371,146.908,parabank,,,,,
p_kuotkuot1243,Kuot_kuot1243,kuot1243,,Kuot,Kuot,-3.06952,151.537,parabank,,,,,
p_boungboun1245,Ku_Waru_boun1245,boun1245,,Bo-Ung,Nuclear Trans New Guinea,-5.8626,144.086,parabank,,,,,
p_kwomakwom1262,Kwoma_kwom1262,kwom1262,,Kwoma,Sepik,-4.08721,142.664,parabank,,,,,
p_kyakakyak1244,Kyaka_kyak1244,kyak1244,,Kyaka,Nuclear Trans New Guinea,-5.52462,144.119,parabank,,,,,
p_lolodalabalolo1264,Loloda-Laba_(Loda)_lolo1264,lolo1264,,Loloda-Laba,North Halmahera,1.95461,127.772,parabank,,,,,
p_modolemodo1249,Madole_modo1249,modo1249,,Modole,North Halmahera,1.40199,127.752,parabank,,,,,
p_mairasinucl1594,Mairasi_nucl1594,nucl1594,,Mairasi,Mairasic,-3.4511,134.071,parabank,,,,,
p_maklewmakl1246,Maklew_makl1246,makl1246,,Maklew,Bulaka River,-7.74424,139.273,parabank,,,,,
p_xmala1294,Mala_mala1294,mala1294,,,,,,parabank,,,,,
p_malimali1284,Mali_mali1284,mali1284,,Mali,Baining,-4.71826,152.214,parabank,,,,,
p_marindnucl1622,Marind_nucl1622,nucl1622,,Marind,Anim,-8.15651,140.009,parabank,,,,,
p_maybratkaronmaib1239,Maybrat_maib1239,maib1239,,Maybrat-Karon,Maybrat-Karon,-1.3679,132.591,parabank,,,,,
p_mblaferanmoblaf1238,Mblafe_blaf1238,blaf1238,,Mblafe-Ránmo,Morehead-Wasur,-8.56161,141.226,parabank,,,,,
p_meriammeri1244,Meriam_meri1244,meri1244,,Meriam,Eastern Trans-Fly,-9.59575,143.773,parabank,,,,,
p_meyahmeya1236,Meyah_meya1236,meya1236,,Meyah,East Bird's Head,-1.18016,133.618,parabank,,,,,
p_mianimian1254,Miani_mian1254,mian1254,,Miani,Nuclear Trans New Guinea,-4.42116,145.276,parabank,,,,,
p_momufasfass1245,Momu-Fas_fass1245,fass1245,,Momu-Fas,Baibai-Fas,-3.10868,141.64,parabank,,,,,
p_monimoni1261,Moni_moni1261,moni1261,,Moni,Nuclear Trans New Guinea,-3.72962,136.886,parabank,,,,,
p_monumbonucl1458,Monumbo_nucl1458,nucl1458,,Monumbo,Bogia,-4.2717,144.95,parabank,,,,,
p_sibesibe1248,Nagovisi_sibe1248,sibe1248,,Sibe,South Bougainville,-6.43149,155.412,parabank,,,,,
p_namanama1266,Nama_nama1266,nama1266,,Nama (Papua New Guinea),Morehead-Wasur,-8.66403,141.706,parabank,,,,,
p_nambonamb1293,Nambo_namb1293,namb1293,,Nambo,Morehead-Wasur,-8.74501,141.931,parabank,,,,,
p_naasioinaas1242,Nasioi_naas1242,naas1242,,Naasioi,South Bougainville,-6.46022,155.632,parabank,,,,,
p_yagwoiayagw1240,Negwa_(Yagwoia)_yagw1240,yagw1240,,Yagwoia,Angan,-7.14042,145.854,parabank,,,,,
p_nemeneme1244,Neme_neme1244,neme1244,,Neme,Morehead-Wasur,-8.44877,141.849,parabank,,,,,
p_nennenn1238,Nen_nenn1238,nenn1238,,Nen,Morehead-Wasur,-8.62183,142.032,parabank,,,,,
p_nennenn1238,Nen_nenn1238a,nenn1238,,Nen,Morehead-Wasur,-8.62183,142.032,parabank,,,,,
p_nimborannucl1633,Nimboran_nucl1633,nucl1633,,Nimboran,Nimboranic,-2.5803,140.179,parabank,,,,,
p_northmuyunort2916,NorthMuyu_nort2916,nort2916,,North Muyu,Nuclear Trans New Guinea,-5.55319,140.84,parabank,,,,,
p_yauyaum1237,Nungon_yaum1237,yaum1237,,Yau (Morobe Province),Nuclear Trans New Guinea,-6.08274,146.841,parabank,,,,,
p_onobasuluonob1238,Onobasulu_onob1238,onob1238,,Onobasulu,Bosavi,-6.30876,142.776,parabank,,,,,
p_pagupagu1249,Pagu_pagu1249,pagu1249,,Pagu,North Halmahera,1.2134,127.78,parabank,,,,,
p_sogeramsoge1235,Proto_Sogeram_soge1235,soge1235,,Sogeram,Nuclear Trans New Guinea,-5.08,144.81,parabank,,,,,
p_riantanarian1263,Riantana_rian1263,rian1263,,Riantana,Kolopom,-7.50746,138.484,parabank,,,,,
p_rotokasroto1249,Rotokas_roto1249,roto1249,,Rotokas,North Bougainville,-5.94339,155.154,parabank,,,,,
p_savosavosavo1255,Savosavo_savo1255,savo1255,,Savosavo,Savosavo,-9.12853,159.814,parabank,,,,,
p_sawisawi1257,Sawi_sawi1257,sawi1257,,Sawi,Nuclear Trans New Guinea,-5.99286,138.643,parabank,,,,,
p_setamanseta1246,Setaman_Baktamin_seta1246,seta1246,,Setaman,Nuclear Trans New Guinea,-5.31134,141.833,parabank,,,,,
p_siwaisiwa1245,Siwai_Motuna_siwa1245,siwa1245,,Siwai,South Bougainville,-6.6429,155.452,parabank,,,,,
p_sougbmani1235,Sougb_mani1235,mani1235,,Sougb,East Bird's Head,-1.49611,133.95,parabank,,,,,
p_sukisuki1245,Suki_suki1245,suki1245,,Suki,Suki-Gogodala,-8.04783,141.842,parabank,,,,,
p_tablatabl1243,Tabla_tabl1243,tabl1243,,Tabla,Sentanic,-2.45368,140.396,parabank,,,,,
p_taiaptaia1239,Taiap_taia1239,taia1239,,Taiap,Taiap,-4.05047,144.506,parabank,,,,,
p_teiwateiw1235,Teiwa_teiw1235,teiw1235,,Teiwa,Timor-Alor-Pantar,-8.37662,124.174,parabank,,,,,
p_telefoltele1256,Telefol_tele1256,tele1256,,Telefol,Nuclear Trans New Guinea,-5.07444,141.731,parabank,,,,,
p_xtido1249,Tidore_tido1249,tido1249,,,,,,parabank,,,,,
p_touotouo1238,Touo_touo1238,touo1238,,Touo,Touo,-8.58405,157.296,parabank,,,,,
p_umbuunguumbu1258,Umbu-Ungu_umbu1258,umbu1258,,Umbu-Ungu,Nuclear Trans New Guinea,-5.9513,143.97,parabank,,,,,
p_usarufausar1243,Usurufa_usar1243,usar1243,,Usarufa,Nuclear Trans New Guinea,-6.38898,145.633,parabank,,,,,
p_waffawaff1241,Waffa_waff1241,waff1241,,Waffa,Nuclear Trans New Guinea,-6.55783,146.09,parabank,,,,,
p_wartathuntaigunt1241,Warta_Thuntai_gunt1241,gunt1241,,Warta Thuntai,Morehead-Wasur,-8.80806,141.253,parabank,,,,,
p_watamwata1253,Watam_wata1253,wata1253,,Watam,Lower Sepik-Ramu,-4.02591,144.583,parabank,,,,,
p_wersingwers1238,Wersing_wers1238,wers1238,,Wersing,Timor-Alor-Pantar,-8.33936,124.932,parabank,,,,,
p_westernpantarlamm1241,Western_Pantar_lamm1241,lamm1241,,Western Pantar,Timor-Alor-Pantar,-8.52787,124.057,parabank,,,,,
p_westkewawest2599,West_Kewa_west2599,west2599,,West Kewa,Nuclear Trans New Guinea,-6.32097,143.73,parabank,,,,,
p_wipiwipi1242,Wipi_wipi1242,wipi1242,,Wipi,Eastern Trans-Fly,-8.79741,143.064,parabank,,,,,
p_kosarekyalekosa1249,Yale_kosa1249,kosa1249,,Kosarek Yale,Nuclear Trans New Guinea,-4.06603,139.645,parabank,,,,,
p_yalicyali1257,Yalic_yali1257,yali1257,,Yalic,Nuclear Trans New Guinea,-3.76869,139.26,parabank,,,,,
p_yawanucl1454,Yawa_nucl1454,nucl1454,,Yawa,Yawa-Saweru,-1.77196,136.263,parabank,,,,,
p_yeleyele1255,Yele_(Yélî_Dnye)_yele1255,yele1255,,Yele,Yele,-11.3796,154.127,parabank,,,,,
p_yelmekyelm1242,Yelmek_yelm1242,yelm1242,,Yelmek,Bulaka River,-7.4453,139.096,parabank,,,,,