ID,Name,Glottocode,Glottolog_Name,ISO639P3code,Macroarea,Latitude,Longitude,Family,Label,Project,ProjectFile,ProjectName,EntryDate,Comment,Link
p_abuiabui1241,Abui,abui1241,Abui,abz,Papunesia,-8.31058,124.588,,Abui_abui1241,parabank,Abui abui1241.txt,,20170621,,
p_achineseachi1257,Acehnese,achi1257,Acehnese,ace,Papunesia,3.90757,96.6032,Austronesian,Achinese_achi1257,parabank,Achinese achi1257.txt,,20170718,,https://collectionscanada.gc.ca/obj/s4/f2/dsk2/ftp01/MQ37156.pdf
p_adangadan1251,Adang,adan1251,Adang,adn,Papunesia,-8.18958,124.448,,Adang_adan1251,parabank,Adang adan1251.txt,,20170621,,
p_agobendekawamagob1244,Agob-Ende-Kawam,agob1244,Agob-Ende-Kawam,kit,Papunesia,-9.08521,142.532,,Agob-Ende-Kawam_agob1244,parabank,Agob-Ende-Kawam agob1244.txt,,20171204,,
p_aklanonakla1241,Aklanon,akla1241,Kailibo Aklanon,akl,Papunesia,11.5543,122.354,Austronesian,Aklanon_akla1241,parabank,Aklanon akla1241.txt,,20170614,,
p_alanganalan1249,Alangan,alan1249,Alangan,alj,Papunesia,13.0982,121.022,Austronesian,Alangan_alan1249,parabank,Alangan alan1249.txt,,20170616,,
p_ampibabolaujeampi1237,Ampibabo,ampi1237,Ampibabo,,Papunesia,NA,NA,Austronesian,Ampibabo_Lauje_ampi1237,parabank,Ampibabo Lauje ampi1237.txt,,20161207,,
p_anejomanei1239,Aneityum,anei1239,Aneityum,aty,Papunesia,-20.1864,169.825,Austronesian,Anejom_anei1239,parabank,Anejom anei1239.txt,,20161207,,
p_aniwaaniw1237,Aniwa,aniw1237,Aniwa,,Papunesia,NA,NA,Austronesian,Aniwa_aniw1237,parabank,Aniwa aniw1237.txt,,20170514,,
p_anutaanut1237,Anuta,anut1237,Anuta,aud,Papunesia,-11.61,169.85,Austronesian,Anuta_anut1237,parabank,Anuta anut1237.txt,,NA,,
p_arabanaarab1267a,Arabana,arab1267,Arabana,ard,Australia,-28.705,135.449,Pama-Nyungan,Arabana_arab1267a,parabank,Arabana arab1267.txt,,20170127,,
p_arakiarak1252,Araki,arak1252,Araki,akr,Papunesia,-15.632997,166.952542,Austronesian,Araki_arak1252,parabank,Araki arak1252.txt,,20161205,,
p_arearearea1240,'Are'are,area1240,'Are'are,alu,Papunesia,-9.20699,161.158,Austronesian,'Are'are_area1240,parabank,'Are'are area1240.txt,,20170407,,
p_ariamoukariamouk1240a,Mouk,mouk1240,Mouk,,Papunesia,NA,NA,Austronesian,Aria_(Mouk-Aria)_mouk1240a,parabank,Aria (Mouk-Aria) mouk1240a.txt,,NA,,
p_arosiaros1241,Arosi,aros1241,Arosi,aia,Papunesia,-10.2441,161.432,Austronesian,Arosi_aros1241,parabank,Arosi aros1241.txt,,20170404,,
p_aseraaser1237,Asera,aser1237,Asera,,Papunesia,NA,NA,Austronesian,Asera_aser1237,parabank,Asera aser1237.txt,,20161209,,
p_asfauslanaust1271,Auslan,aust1271,Auslan,asf,Australia,-30,145,,ASF_Auslan_aust1271,parabank,ASF_Auslan_aust1271.txt,,20191115,,
p_atchinatch1238,Atchin,atch1238,Atchin,,Papunesia,NA,NA,Austronesian,Atchin_atch1238,parabank,Atchin atch1238.txt,,20170602,,
p_atoniuabmetouabm1237,Uab Meto,uabm1237,Uab Meto,aoz,Papunesia,-9.77284,124.144,Austronesian,Atoni_(Uab_Meto)_uabm1237,parabank,Atoni (Uab Meto) uabm1237.txt,,20170614,,
p_attaatta1244,Atta,atta1244,Atta,,,NA,NA,Austronesian,Atta_atta1244,parabank,Atta atta1244.txt,,NA,,
p_avatimeavat1244,Avatime,avat1244,Avatime,avn,Africa,6.8688,0.41314,Atlantic-Congo,Avatime_avat1244,parabank,Avatime_avat1244.txt,,20191112,,
p_avavabangasadialectkatb1237,Avava,katb1237,Avava,tmb,Papunesia,-16.2701,167.484,Austronesian,Avava_(Bangasa_Dialect)_katb1237,parabank,Avava (Bangasa Dialect) katb1237.txt,,20171030,,
p_avavakatb1237a,Avava,katb1237,Avava,tmb,Papunesia,-16.2701,167.484,Austronesian,Avava_katb1237a,parabank,Avava katb1237a.txt,,NA,,
p_avavaniviardialectkatb1237b,Avava,katb1237,Avava,tmb,Papunesia,-16.2701,167.484,Austronesian,Avava_(Niviar_Dialect)_katb1237b,parabank,Avava (Niviar Dialect) katb1237b.txt,,NA,,
p_ayiwoayiw1239,Äiwoo,ayiw1239,Äiwoo,nfl,Papunesia,-10.282595,166.328715,Austronesian,Ayiwo_ayiw1239,parabank,Ayiwo ayiw1239.txt,,20180416,,
p_bacanesemalaybacanbaca1243,Bacanese Malay,baca1243,Bacanese Malay,btj,Papunesia,-0.62275,127.49,Austronesian,Bacanese_Malay_(Bacan)_baca1243,parabank,Bacanese Malay (Bacan) baca1243.txt,,20170608,Data incomplete and source word list requires interpretation,
p_bahonsuaibaho1237,Bahonsuai,baho1237,Bahonsuai,bsu,Papunesia,-2.22572,121.707,Austronesian,Bahonsuai_baho1237,parabank,Bahonsuai baho1237.txt,,20161209,,
p_balaesangbala1314,Balaesang,bala1314,Balaesang,bls,Papunesia,-0.05644,119.689,Austronesian,Balaesang_bala1314,parabank,Balaesang bala1314.txt,,20161207,,
p_balangaobala1310,Balangao,bala1310,Balangao,blw,Papunesia,17.0994,121.272,Austronesian,Balangao_bala1310,parabank,Balangao bala1310.txt,,NA,,
p_balinesebali1278,Balinese,bali1278,Balinese,ban,Papunesia,-8.35714,115.075,Austronesian,Balinese_bali1278,parabank,Balinese bali1278.txt,,20170718,,collectionscanada.gc.ca/obj/s4/f2/dsk2/ftp01/MQ37156.pdf
p_banjarbanj1239,Banjar,banj1239,Banjar,bjn,Papunesia,0.747105,115.79,Austronesian,Banjar_banj1239,parabank,Banjar banj1239.txt,,20170718,,collectionscanada.gc.ca/obj/s4/f2/dsk2/ftp01/MQ37156.pdf
p_bannonibann1247,Bannoni,bann1247,Bannoni,bcm,Papunesia,-6.23061,155.128,Austronesian,Bannoni_bann1247,parabank,Bannoni bann1247.txt,,20170614,,
p_barabethanohano1246a,Hano,hano1246,Hano,lml,Papunesia,-15.5432,168.167,Austronesian,Barabet_(Hano)_hano1246a,parabank,Barabet (Hano) hano1246a.txt,,NA,,
p_bardibard1254,Bardic,bard1254,Bardic,,,NA,NA,,Bardi_bard1254,parabank,Bardi bard1254.txt,,NA,Bowern 2012:42-43,
p_bariokelabitbari1288,Bario,bari1288,Bario,,Papunesia,NA,NA,Austronesian,Bario_Kelabit_bari1288,parabank,Bario Kelabit bari1288.txt,,20170614,,https://books.google.de/books?id=ScykJxGVNXYC&pg=PA96&lpg=PA96&dq=kelabit+kinship&source=bl&ots=b6oYHySdrG&sig=OqoGIumbOlPCdywSbgn-6LYy82Q&hl=en&sa=X&ved=0ahUKEwif99qo87zUAhWHKVAKHbHbApoQ6AEIKDAA#v=onepage&q=kelabit%20kinship&f=false
p_barokkarubaro1253,Barok,baro1253,Barok,bjk,Papunesia,-3.47672,152.193,Austronesian,Barok_(Karu)_baro1253,parabank,Barok (Karu) baro1253.txt,,20170326,,
p_bataktobabata1289,Batak Toba,bata1289,Batak Toba,bbc,Papunesia,2.35498,99.1761,Austronesian,Batak_Toba_bata1289,parabank,Batak Toba bata1289.txt,,20170718,,collectionscanada.gc.ca/obj/s4/f2/dsk2/ftp01/MQ37156.pdf
p_baujagoibidayuhbaub1235,Bau-Jagoi Bidayuh,baub1235,Bau-Jagoi Bidayuh,sne,Papunesia,1.54467,109.985,Austronesian,Bau-Jagoi_Bidayuh_baub1235,parabank,Bau-Jagoi Bidayuh baub1235.txt,,20170717,,http://amangalui.blogspot.de/2012/02/kinship-in-bidayuh-community.html
p_biakbiak1248,Biak,biak1248,Biak,bhw,Papunesia,-0.9523,135.879,Austronesian,Biak_biak1248,parabank,Biak biak1248.txt,,20170709,,
p_bierebobier1244,Bierebo,bier1244,Bierebo,bnk,Papunesia,-16.6663,168.154,Austronesian,Bierebo_bier1244,parabank,Bierebo bier1244.txt,,NA,,
p_bignambasbign1238,Big Nambas,bign1238,Big Nambas,nmb,Papunesia,-16.0903,167.239,Austronesian,Big_Nambas_bign1238,parabank,Big Nambas bign1238.txt,,20171026,,
p_bignambasbign1238a,Big Nambas,bign1238,Big Nambas,nmb,Papunesia,-16.0903,167.239,Austronesian,Big_Nambas_bign1238a,parabank,Big Nambas bign1238a.txt,,NA,,
p_bilibilbilb1241,Bilibil,bilb1241,Bilibil,brz,Papunesia,-5.26505,145.764,Austronesian,Bilibil_bilb1241,parabank,Bilibil bilb1241.txt,,20170614,,
p_bininjkunwokgunw1252,Bininj Kun-Wok,gunw1252,Bininj Kun-Wok,gup,Australia,-12.3398,133.358,,Bininj_Kun-wok_gunw1252,parabank,Bininj Kun-wok gunw1252.txt,,NA,,http://bininjgunwok.org.au/information/kinship/
p_binukidtalaandigbinukidbinu1244,Talaandig-Binukid,binu1244,Talaandig-Binukid,bkd,Papunesia,8.15933,124.892,Austronesian,Binukid_(Talaandig-Binukid)_binu1244,parabank,Binukid (Talaandig-Binukid) binu1244.txt,,NA,,
p_blagarblag1240,Blagar,blag1240,Blagar,beu,Papunesia,-8.31787,124.251,,Blagar_blag1240,parabank,Blagar blag1240.txt,,20170621,,
p_boanosulawesiboan1243,Boano (Sulawesi),boan1243,Boano (Sulawesi),bzl,Papunesia,0.51152,120.992,Austronesian,Boano_(Sulawesi)_boan1243,parabank,Boano (Sulawesi) boan1243.txt,,20161207,,
p_bontokbont1247,Bontok,bont1247,Bontok,bnc,Papunesia,17.09386,121.02662,Austronesian,Bontok_bont1247,parabank,Bontok bont1247.txt,,20170406,,
p_brookespointpalawanobroo1239,Brooke's Point Palawano,broo1239,Brooke's Point Palawano,plw,Papunesia,8.83891,117.871,Austronesian,Brooke's_Point_Palawano_broo1239,parabank,Brooke's Point Palawano broo1239.txt,,20170711,,
p_bruneisabahmalaymalaysaba1263,Brunei-Sabah Malay,saba1263,Sabah Malay,msi,Papunesia,4.64808,117.024,Austronesian,Brunei-Sabah_Malay_(Malay)_saba1263,parabank,Brunei-Sabah Malay (Malay) saba1263.txt,,20170406,,
p_buhidbuhi1245,Buhid,buhi1245,Buhid,bku,Papunesia,12.6396,121.21,Austronesian,Buhid_buhi1245,parabank,Buhid buhi1245.txt,,20170616,,
p_buinbuin1247,Buin,buin1247,Buinic,,,NA,NA,,Buin_buin1247,parabank,Buin buin1247.txt,,20161202,,
p_bukatbuka1261,Bukat,buka1261,Bukat,bvk,Papunesia,1.29075,113.246,Austronesian,Bukat_buka1261,parabank,Bukat buka1261.txt,,20170614,,
p_bulibuli1256,Buli,buli1256,Buli,,Papunesia,NA,NA,Austronesian,Buli_buli1256,parabank,Buli buli1256.txt,,20170612,Data incomplete and source word list requires interpretation,
p_bunganditjbung1264,Bunganditj,bung1264,Bunganditj,xbg,Australia,-36.5,140.5,Pama-Nyungan,Bunganditj_bung1264,parabank,Bunganditj bung1264.txt,,20161202,"-ngayn (-ine) = my, -ngun (-on) = your, -n[h]ung = his/her",
p_bungkubung1269,Bungku,bung1269,Bungku,bkz,Papunesia,-3.22197,122.212,Austronesian,Bungku_bung1269,parabank,Bungku bung1269.txt,,20161209,,
p_buruindonesiaburu1303,Buru (Indonesia),buru1303,Buru (Indonesia),mhs,Papunesia,-3.43957,126.632,Austronesian,Buru_(Indonesia)_buru1303,parabank,Buru (Indonesia) buru1303.txt,,20170614,,
p_butmasturbutm1237,Farafi,butm1237,Farafi,bnr,Papunesia,-15.3353,167.034,Austronesian,Butmas-Tur_butm1237,parabank,Butmas-Tur butm1237.txt,,20180109,,
p_casigurandumagatagtacasi1235,Casiguran-Nagtipunan Agta,casi1235,Casiguran-Nagtipunan Agta,dgc,Papunesia,16.2176,121.878,Austronesian,Casiguran_Dumagat_Agta_casi1235,parabank,Casiguran Dumagat Agta casi1235.txt,,20170327,,
p_cebuanocebu1242,Cebuano,cebu1242,Cebuano,ceb,Papunesia,8.38799,124.367,Austronesian,Cebuano_cebu1242,parabank,Cebuano cebu1242.txt,,20170614,,
p_centralcagayanagtacent2084,Central Cagayan Agta,cent2084,Central Cagayan Agta,agt,Papunesia,17.9571,121.857,Austronesian,Central_Cagayan_Agta_cent2084,parabank,Central Cagayan Agta cent2084.txt,,2017025,,
p_centralmelanaucent2101,Central Melanau,cent2101,Central Melanau,mel,Papunesia,2.524086,111.346451,Austronesian,Central_Melanau_cent2101,parabank,Central Melanau cent2101.txt,,20170704,,
p_centralsamacent2092,Central Sama,cent2092,Central Sama,sml,Papunesia,7.004574,118.455978,Austronesian,Central_Sama_cent2092,parabank,Central Sama cent2092.txt,,20170714,,http://sinama.org/2014/03/sama-tausug-kinship-terminology/
p_centralsubanensubanungcent2089,Central Subanen,cent2089,Central Subanen,syb,Papunesia,8.12701,123.018,Austronesian,Central_Subanen_(Subanung)_cent2089,parabank,Central Subanen (Subanung) cent2089.txt,,20170406,,
p_centraltagbanwacent2090,Central Tagbanwa,cent2090,Central Tagbanwa,tgt,Papunesia,10.6519,119.338,Austronesian,Central_Tagbanwa_cent2090,parabank,Central Tagbanwa cent2090.txt,,20170718,,
p_chamarrocham1312,Chamorro,cham1312,Chamorro,cha,Papunesia,13.438011,144.74474,Austronesian,Chamarro_cham1312,parabank,Chamarro cham1312.txt,,20170614,,
p_chavacanochav1241,Chavacano,chav1241,Chavacano,cbk,Papunesia,7.435034,122.18849,Indo-European,Chavacano_chav1241,parabank,Chavacano chav1241.txt,,NA,,
p_chekeholochek1238,Cheke Holo,chek1238,Cheke Holo,mrn,Papunesia,-8.27055,159.625,Austronesian,Cheke_Holo_chek1238,parabank,Cheke Holo chek1238.txt,,20170531,,
p_chepangchep1245,Chepang,chep1245,Chepang,cdm,Eurasia,27.7206,84.9017,Sino-Tibetan,Chepang_chep1245,parabank,Chepang chep1245.txt,,20161208,,
p_chuukesetrukesechuu1238,Chuukese,chuu1238,Chuukese,chk,Papunesia,7.346993,151.598607,Austronesian,Chuukese_(Trukese)_chuu1238,parabank,Chuukese (Trukese) chuu1238.txt,,NA,,
p_cotabatomanobocota1241,Cotabato Manobo,cota1241,Cotabato Manobo,mta,Papunesia,6.39417,124.234,Austronesian,Cotabato_Manobo_cota1241,parabank,Cotabato Manobo cota1241.txt,,20170703,,
p_daakieport1286,Daakie,port1286,Daakie,ptv,Papunesia,-16.3083,168.046,Austronesian,Daakie_port1286,parabank,Daakie port1286.txt,,20171013,,
p_dakakadaka1243,Dakaka,daka1243,Dakaka,bpa,Papunesia,-16.2696,168.013,Austronesian,Dakaka_daka1243,parabank,Dakaka daka1243.txt,,20171013,,
p_dalabonngal1292,Ngalkbun,ngal1292,Ngalkbun,ngk,Australia,-13.9783,133.936,,Dalabon_ngal1292,parabank,Dalabon ngal1292.txt,,NA,"kin terms are normally suffixed with an appropriate possessive suffix, e.g. bulungan /buluŋan/ 'my father', buluno 'his/her father' etc. Just the bare stems are given in these lists",
p_dampelasdamp1237,Dampelas,damp1237,Dampelas,dms,Papunesia,0.70234,120.219,Austronesian,Dampelas_damp1237,parabank,Dampelas damp1237.txt,,20161207,,
p_dehongdeho1238,Dehong,deho1238,Dehong,,Eurasia,NA,NA,Tai-Kadai,Dehong_deho1238,parabank,Dehong deho1238.txt,,20170106,,
p_dehudehu1237,Dehu,dehu1237,Dehu,dhv,Papunesia,-20.8892,167.229,Austronesian,Dehu_dehu1237,parabank,Dehu dehu1237.txt,,20170404,,
p_dharumbaldhar1248a,Dharumbal,dhar1248,Dharumbal,xgm,Australia,-23.307,150.593,Pama-Nyungan,Dharumbal_dhar1248a,parabank,Dharumbal dhar1248.txt,,20161205,,
p_dhuwaldhuwalayolngudhuw1248,Dhuwal-Dhuwala,dhuw1248,Dhuwal-Dhuwala,,,NA,NA,Pama-Nyungan,Dhuwal-Dhuwala_(Yolngu)_dhuw1248,parabank,Dhuwal-Dhuwala (Yolngu) dhuw1248.txt,,20180116,,
p_diyaridier1241a,Dieri,dier1241,Dieri,dif,Australia,-28.1667,138,Pama-Nyungan,Diyari_dier1241a,parabank,Diyari dier1241.txt,,20170321,,
p_djapudhuw1249,Dhuwal,dhuw1249,Dhuwal,duj,Australia,-12.7825,136.008,Pama-Nyungan,Djapu_dhuw1249,parabank,Djapu dhuw1249.txt,,20170320,,
p_djinangdjin1253a,Djinang,djin1253,Djinang,dji,Australia,-12.462,134.82,Pama-Nyungan,Djinang_djin1253a,parabank,Djinang djin1253.txt,,20170321,,
p_dobudobu1241,Dobu,dobu1241,Dobu,dob,Papunesia,-9.63239,150.825,Austronesian,Dobu_dobu1241,parabank,Dobu dobu1241.txt,,20170616,,
p_dondodond1249,Dondo,dond1249,Dondo,dok,Papunesia,0.80348,120.707,Austronesian,Dondo_dond1249,parabank,Dondo dond1249.txt,,20161207,,
p_dunaduna1248,Duna,duna1248,Duna,duc,Papunesia,-5.41439,142.475,,Duna_duna1248,parabank,Duna duna1248.txt,,20191122,,
p_dupaninganagatdupa1235,Dupaninan Agta,dupa1235,Dupaninan Agta,duo,Papunesia,17.3748,122.188,Austronesian,Dupaningan_Agat_dupa1235,parabank,Dupaningan Agat dupa1235.txt,,20161128,,
p_duungidjawuduun1241,Duungidjawu,duun1241,Duungidjawu,,Australia,NA,NA,Pama-Nyungan,Duungidjawu_duun1241,parabank,Duungidjawu duun1241.txt,,20161201,,
p_dzonghkalhopdzon1239,Dzongkha,dzon1239,Dzongkha,dzo,Eurasia,27.410786,89.581604,Sino-Tibetan,Dzonghka_Lhop_dzon1239,parabank,Dzonghka Lhop dzon1239.txt,,NA,Cousin terminology depends on birth order of speaker and cousin.,https://scholarspace.manoa.hawaii.edu/handle/10125/26148
p_dzonghkashadzon1239,Dzongkha,dzon1239,Dzongkha,dzo,Eurasia,27.410786,89.581604,Sino-Tibetan,Dzonghka_Sha_dzon1239,parabank,Dzonghka Sha dzon1239.txt,,NA,Cousin terminology depends on birth order of speaker and cousin.,https://scholarspace.manoa.hawaii.edu/handle/10125/26148
p_dzonghkawangwang1287,Wang-The,wang1287,Wang-The,,Eurasia,NA,NA,Sino-Tibetan,Dzonghka_Wang_wang1287,parabank,Dzonghka Wang wang1287.txt,,NA,,
p_eastambaelolovolieast2443,East Ambae,east2443,East Ambae,omb,Papunesia,-15.3523,167.89,Austronesian,East_Ambae_(Lolovoli)_east2443,parabank,East Ambae (Lolovoli) east2443.txt,,NA,,
p_eastfutunaeast2447,East Futuna,east2447,East Futuna,fud,Papunesia,-14.278717,-178.137222,Austronesian,East_Futuna_east2447,parabank,East Futuna east2447.txt,,NA,,
p_eastkaveeast2516,East Kewa,east2516,East Kewa,kjs,Papunesia,-6.32989,143.931,Nuclear Trans New Guinea,East_Kave_east2516,parabank,East Kave east2516.txt,,20170328,,
p_emaemaeemae1237,Emae,emae1237,Emae,mmw,Papunesia,-17.052,168.399,Austronesian,Emae_(Mae)_emae1237,parabank,Emae (Mae) emae1237.txt,,20171031,,
p_emauemaoislandemau1237,Emau,emau1237,Emau,,Papunesia,NA,NA,Austronesian,Emau_(Emao_Island)_emau1237,parabank,Emau (Emao Island) emau1237.txt,,20180123,,
p_endepapuanewguineaende1235,Ende (Papua New Guinea),ende1235,Ende (Papua New Guinea),,Papunesia,-8.957786,142.240799,,Ende_(Papua_New_Guinea)_ende1235,parabank,Ende (Papua New Guinea) ende1235.txt,,20171113,,
p_englishstan1293,English,stan1293,English,eng,Eurasia,53,-1,Indo-European,English_stan1293,parabank,English stan1293.txt,,NA,,
p_eravesouthkewaerav1244,Erave,erav1244,Erave,kjy,Papunesia,-6.55011,143.918,Nuclear Trans New Guinea,Erave_(South_Kewa)_erav1244,parabank,Erave (South Kewa) erav1244.txt,,20170401,,
p_fijianfiji1243,Fijian,fiji1243,Fijian,fij,Papunesia,-18,178.33,Austronesian,Fijian_fiji1243,parabank,Fijian fiji1243.txt,,NA,,
p_finnishfinn1318,Finnish,finn1318,Finnish,fin,Eurasia,64.7628,25.5577,Uralic,Finnish_finn1318,parabank,Finnish finn1318.txt,,20170901,,
p_fortsenalkiaifort1240,Kiai,fort1240,Kiai,frt,Papunesia,-15.4484,166.931,Austronesian,Fortsenal_(Kiai)_fort1240,parabank,Fortsenal (Kiai) fort1240.txt,,20171108,,
p_futunaaniwafutu1245,Futuna-Aniwa,futu1245,Futuna-Aniwa,fut,Papunesia,-19.5303,170.215,Austronesian,Futuna-Aniwa_futu1245,parabank,Futuna-Aniwa futu1245.txt,,20170530,,
p_gadanggada1258,Ga'dang,gada1258,Ga'dang,gdg,Papunesia,17.2238,121.455,Austronesian,Ga'dang_gada1258,parabank,Ga'dang gada1258.txt,,NA,,
p_galeiaagale1259,Galela,gale1259,Galela,gbi,Papunesia,2.31461,128.44,,Galeia_A_gale1259,parabank,Galeia A gale1259.txt,,20170612,Data incomplete and source word list requires interpretation,
p_galeiabgale1259,Galela,gale1259,Galela,gbi,Papunesia,2.31461,128.44,,Galeia_B_gale1259,parabank,Galeia B gale1259.txt,,20170612,Data incomplete and source word list requires interpretation,
p_ganegimangane1237,Gane,gane1237,Gane,gzn,Papunesia,-0.42618,127.976,Austronesian,Gane_(Gimán)_gane1237,parabank,Gane (Gimán) gane1237.txt,,20170612,Data incomplete and source word list requires interpretation,
p_ganggalidagang1267,Ganggalida,gang1267,Ganggalida,gcd,Australia,-17.5446,139.426,,Ganggalida_gang1267,parabank,Ganggalida gang1267.txt,,NA,"Ganggalida (Yukulta) language, Tangkic Family, sources are Keen 1983 and Nancarrow 2014. So far entered as far as grandkin terms",
p_gayogayo1244,Gayo,gayo1244,Gayo,gay,Papunesia,4.3733,97.3456,Austronesian,Gayo_gayo1244,parabank,Gayo gayo1244.txt,,20170402,,
p_gelagela1263,Gela,gela1263,Gela,nlg,Papunesia,-9.04587,160.186,Austronesian,Gela_gela1263,parabank,Gela gela1263.txt,,20170707,,
p_germanstan1295,German,stan1295,German,deu,Eurasia,48.649,12.4676,Indo-European,German_stan1295,parabank,German stan1295.txt,,NA,,
p_guigwigwii1239,/Gwi,gwii1239,/Gwi,gwj,Africa,-22.2708,21.9431,,Gui_(Gwi)_gwii1239,parabank,Gui (Gwi) gwii1239.txt,,NA,"terms after slash (/) are address terms (only nominal, not verbal). G|ui kinship terms are nomino-verbal and sex distinction is signaled with enclitics.",
p_guuguyimidhirrgugu1255a,Guugu Yimidhirr,gugu1255,Guugu Yimidhirr,kky,Australia,-14.9424,144.831,Pama-Nyungan,Guugu_Yimidhirr_gugu1255a,parabank,Guugu Yimidhirr gugu1255.txt,,20171209,,
p_hanunoohanu1241,Hanunoo,hanu1241,Hanunoo,hnn,Papunesia,12.4159,121.221,Austronesian,Hanunoo_hanu1241,parabank,Hanunoo hanu1241.txt,,20170616,,
p_hawaiihawa1245,Hawaiian,hawa1245,Hawaiian,haw,Papunesia,19.6297,-155.43,Austronesian,Hawaii_hawa1245,parabank,Hawaii hawa1245.txt,,NA,,
p_hiligaynonhili1240,Hiligaynon,hili1240,Hiligaynon,hil,Papunesia,10.4018,122.974,Austronesian,Hiligaynon_hili1240,parabank,Hiligaynon hili1240.txt,,NA,,
p_hiwhiww1237,Hiw,hiww1237,Hiw,hiw,Papunesia,-13.126367,166.584857,Austronesian,Hiw_hiww1237,parabank,Hiw hiww1237.txt,,20171101,,
p_ibaloinabaloiibal1244,Ibaloi,ibal1244,Ibaloi,ibl,Papunesia,16.4263,120.695,Austronesian,Ibaloi_(Nabaloi)_ibal1244,parabank,Ibaloi (Nabaloi) ibal1244.txt,,20170406,,
p_ibanagiban1267,Ibanag,iban1267,Ibanag,ibg,Papunesia,17.4201,121.891,Austronesian,Ibanag_iban1267,parabank,Ibanag iban1267.txt,,20170620,,
p_ibaniban1264,Iban,iban1264,Iban,iba,Papunesia,2.09041,112.934,Austronesian,Iban_iban1264,parabank,Iban iban1264.txt,,20170620,,
p_idaanidaa1241,Ida'an,idaa1241,Ida'an,dbj,Papunesia,5.29059,118.515,Austronesian,Ida'an_idaa1241,parabank,Ida'an idaa1241.txt,,20170620,,
p_idiidii1243,Idi-Taeme,idii1243,Idi-Taeme,idi,Papunesia,-8.75976,142.301,,Idi_idii1243,parabank,Idi idii1243.txt,,NA,,
p_ifugawifugaoifug1247,Ifugaw,ifug1247,Ifugaw,,,NA,NA,Austronesian,Ifugaw_(Ifugao)_ifug1247,parabank,Ifugaw (Ifugao) ifug1247.txt,,20170406,,
p_iliuuniliu1237,Ili'uun,iliu1237,Ili'uun,ilu,Papunesia,-7.84385,125.902,Austronesian,Ili'uun_iliu1237,parabank,Ili'uun iliu1237.txt,,20170616,,
p_ilokanoilok1237,Iloko,ilok1237,Iloko,ilo,Papunesia,15.9361,120.993,Austronesian,Ilokano_ilok1237,parabank,Ilokano ilok1237.txt,,20170620,,
p_inanwatansuaboinan1242,Inanwatan,inan1242,Inanwatan,,,NA,NA,,Inanwatan_(Suabo)_inan1242,parabank,Inanwatan (Suabo) inan1242.txt,,20170402,,
p_indonesianbajauindo1317,Indonesian Bajau,indo1317,Indonesian Bajau,bdl,Papunesia,-3.68664,122.253,Austronesian,Indonesian_Bajau_indo1317,parabank,Indonesian Bajau indo1317.txt,,NA,,
p_indonesianindo1316,Indonesian,indo1316,Indonesian,ind,Papunesia,-7.33458,109.716,Austronesian,Indonesian_indo1316,parabank,Indonesian indo1316.txt,,20170621,,
p_irayairay1237,Iraya,iray1237,Iraya,iry,Papunesia,13.381,120.65,Austronesian,Iraya_iray1237,parabank,Iraya iray1237.txt,,20170616,,
p_isakakrisakris1246,I'saka,kris1246,I'saka,ksi,Papunesia,-2.80084,141.303,,I'saka_(Krisa)_kris1246,parabank,I'saka (Krisa) kris1246.txt,,20161201,,
p_isnagisna1241,Isnag,isna1241,Isnag,isd,Papunesia,18.2139,121.16,Austronesian,Isnag_isna1241,parabank,Isnag isna1241.txt,,NA,,
p_itbayativat1242,Itbayat,ivat1242,Itbayat,ivv,Papunesia,20.77,121.85,Austronesian,Itbayat_ivat1242,parabank,Itbayat ivat1242.txt,,20170620,,
p_itnegbinonganbino1237,Binongan Itneg,bino1237,Binongan Itneg,itb,Papunesia,17.5972,120.876,Austronesian,Itneg_(Binongan)_bino1237,parabank,Itneg (Binongan) bino1237.txt,,NA,,
p_jahaijehaijeha1242,Jehai,jeha1242,Jehai,jhi,Eurasia,5.63695,101.541,Austroasiatic,Jahai_(Jehai)_jeha1242,parabank,Jahai (Jehai) jeha1242.txt,,20161130,,
p_javanesejava1254,Javanese,java1254,Javanese,jav,Papunesia,-7.001,109.287,Austronesian,Javanese_java1254,parabank,Javanese java1254.txt,,20170621,,
p_jinghpawjing1260,Jingpho,jing1260,Jingpho,,,NA,NA,Sino-Tibetan,Jinghpaw_jing1260,parabank,Jinghpaw_jing1260.txt,,20191113,,
p_jinguludjin1251,Jingulu,djin1251,Jingulu,jig,Australia,-17.165,133.659,,Jingulu_djin1251,parabank,Jingulu djin1251.txt,,NA,,
p_kadaikada1286,Kadai,kada1286,Kadai,kzd,Papunesia,-1.74547,125.142,Austronesian,Kadai_kada1286,parabank,Kadai kada1286.txt,,20170608,Data incomplete and source word list requires interpretation,
p_kalalagawyakala1377,Kala Lagaw Ya,kala1377,Kala Lagaw Ya,mwp,Australia,-10.6748,142.196,Pama-Nyungan,Kala_Lagaw_Ya_kala1377,parabank,Kala Lagaw Ya kala1377.txt,,20170322,,
p_kalamangkara1499,Kalamang,kara1499,Kalamang,kgv,Papunesia,-3.47037,132.678,,Kalamang_kara1499,parabank,Kalamang kara1499.txt,,20170607,,
p_kalamkala1397,Kalam,kala1397,Kalam,kmh,Papunesia,-5.25216,144.585,Nuclear Trans New Guinea,Kalam_kala1397,parabank,Kalam kala1397.txt,,20161129,,
p_kalingaahinkayapakalanguyaahin1234,Ahin-Kayapa Kalanguya,ahin1234,Ahin-Kayapa Kalanguya,kak,Papunesia,16.321,120.90003,Austronesian,Kalinga_(Ahin-Kayapa_Kalanguya)_ahin1234,parabank,Kalinga (Ahin-Kayapa Kalanguya) ahin1234.txt,,20170621,Kinship terms may have come from Ilokano,
p_kamangkama1365,Kamang,kama1365,Kamang,woi,Papunesia,-8.26897,124.792,,Kamang_kama1365,parabank,Kamang kama1365.txt,,20170621,,
p_kamberakamb1299,Kambera,kamb1299,Kambera,xbr,Papunesia,-9.88447,120.235,Austronesian,Kambera_kamb1299,parabank,Kambera kamb1299.txt,,20170614,,
p_kankanaeykankanaikank1243,Kankanaey,kank1243,Kankanaey,kne,Papunesia,16.8548,120.689,Austronesian,Kankanaey_(Kankanai)_kank1243,parabank,Kankanaey (Kankanai) kank1243.txt,,20170406,,
p_kanumkanu1280,Kanum,kanu1280,Kanum,,,NA,NA,,Kanum_kanu1280,parabank,Kanum kanu1280.txt,,20170322,,
p_kapingamarangikapi1249a,Kapingamarangi,kapi1249,Kapingamarangi,kpg,Papunesia,1.039166,154.797223,Austronesian,Kapingamarangi_kapi1249a,parabank,Kapingamarangi kapi1249.txt,,20170516,,
p_kashayakash1280,Kashaya,kash1280,Kashaya,kju,North America,38.5424,-123.08,,Kashaya_kash1280,parabank,Kashaya kash1280.txt,,20180413,,
p_kayardildkaya1318,Kayardild-Yangkaal,kaya1318,Kayardild-Yangkaal,,,NA,NA,,Kayardild_kaya1318,parabank,Kayardild kaya1318.txt,,NA,,
p_khalkhamongolianmong1331,Mongolian,mong1331,Mongolian,mon,Eurasia,NA,NA,,Khalkha-Mongolian_mong1331,parabank,Khalkha-Mongolian mong1331.txt,,20191112,,
p_kilivilakili1267,Kilivila,kili1267,Kilivila,kij,Papunesia,-8.72574,151.072,Austronesian,Kilivila_kili1267,parabank,Kilivila kili1267.txt,,20170627,,
p_kiputkipu1237,Kiput,kipu1237,Kiput,kyi,Papunesia,4.16535,114.367,Austronesian,Kiput_kipu1237,parabank,Kiput kipu1237.txt,,20161202,,
p_kiramankira1248,Kiramang,kira1248,Kiramang,,Papunesia,NA,NA,,Kiraman_kira1248,parabank,Kiraman kira1248.txt,,20170621,,
p_kiwaiankiwa1251,Kiwaian,kiwa1251,Kiwaian,,,NA,NA,,Kiwaian_kiwa1251,parabank,Kiwaian kiwa1251.txt,,NA,,
p_klonklon1234,Klon-Kafoa,klon1234,Klon-Kafoa,,,NA,NA,,Klon_klon1234,parabank,Klon klon1234.txt,,20161124,,
p_kodeohakode1237,Kodeoha,kode1237,Kodeoha,vko,Papunesia,-3.39566,120.937,Austronesian,Kodeoha_kode1237,parabank,Kodeoha kode1237.txt,,20161209,,
p_kogicogu1240,Cogui,cogu1240,Cogui,kog,South America,10.9485,-73.8043,,Kogi_cogu1240,parabank,Kogi_cogu1240.txt,,20191115,,
p_koiarigras1249,Grass Koiari,gras1249,Grass Koiari,kbk,Papunesia,-9.51218,147.437,,Koiari_gras1249,parabank,Koiari gras1249.txt,,20161205,,
p_kombakomb1273,Komba,komb1273,Komba,kpf,Papunesia,-6.16163,147.28,Nuclear Trans New Guinea,Komba_komb1273,parabank,Komba komb1273.txt,,20171030,,
p_komnzokomn1238,Kómnjo,komn1238,Kómnjo,,Papunesia,NA,NA,,Komnzo_komn1238,parabank,Komnzo komn1238.txt,,NA,"g represents /ŋg/ and th represents θ, in addition ə is inserted into certain clusters, so that orthographic <nge> is phonetic [nəŋge]",
p_konawekona1243,Konawe,kona1243,Konawe,,Papunesia,NA,NA,Austronesian,Konawe_kona1243,parabank,Konawe kona1243.txt,,20161209,,
p_koronikoro1311,Koroni,koro1311,Koroni,xkq,Papunesia,-2.6367,121.977,Austronesian,Koroni_koro1311,parabank,Koroni koro1311.txt,,20161209,,
p_kristangmalaccacreoleportugesemala1533,Malacca-Batavia Portuguese Creole,mala1533,Malacca-Batavia Portuguese Creole,mcm,Eurasia,2.188087,102.262059,Indo-European,Kristang_(Malacca_Creole_Portugese)_mala1533,parabank,Kristang (Malacca Creole Portugese) mala1533.txt,,20161201,,
p_kuanuakuan1248,Kuanua,kuan1248,Kuanua,ksd,Papunesia,-4.30986,152.114,Austronesian,Kuanua_kuan1248,parabank,Kuanua kuan1248.txt,,20170628,,
p_kukuyalanjikuku1273,Kuku-Yalanji,kuku1273,Kuku-Yalanji,gvn,Australia,-16.0036,145.188,Pama-Nyungan,Kuku-Yalanji_kuku1273,parabank,Kuku-Yalanji kuku1273.txt,,20170321,,
p_kulisusukuli1254,Kulisusu,kuli1254,Kulisusu,vkl,Papunesia,-4.58411,123.045,Austronesian,Kulisusu_kuli1254,parabank,Kulisusu kuli1254.txt,,20161209,,
p_kunjenkunj1248,Southwestern Alaya-Athima,kunj1248,Southwestern Alaya-Athima,,,NA,NA,Pama-Nyungan,Kunjen_kunj1248,parabank,Kunjen kunj1248.txt,,20161128,,
p_kuotkuot1243,Kuot,kuot1243,Kuot,kto,Papunesia,-3.06952,151.537,,Kuot_kuot1243,parabank,Kuot kuot1243.txt,,20170326,,
p_kuukuyaukuuk1238,Kuuku-Ya'u,kuuk1238,Kuuku-Ya'u,kuy,Australia,-12.4947,143.165,Pama-Nyungan,Kuuku_Ya'u_kuuk1238,parabank,Kuuku Ya'u kuuk1238.txt,,20171209,,
p_kuwaruboun1245,Bo-Ung,boun1245,Bo-Ung,mux,Papunesia,-5.8626,144.086,Nuclear Trans New Guinea,Ku_Waru_boun1245,parabank,Ku_Waru boun1245.txt,,20191122,,
p_kwaiokwai1243,Kwaio,kwai1243,Kwaio,kwd,Papunesia,-8.93744,160.965,Austronesian,Kwaio_kwai1243,parabank,Kwaio kwai1243.txt,,NA,,
p_kwamerakwam1252,Kwamera,kwam1252,Kwamera,tnk,Papunesia,-19.5954,169.442,Austronesian,Kwamera_kwam1252,parabank,Kwamera kwam1252.txt,,20170531,,
p_kwomakwom1262,Kwoma,kwom1262,Kwoma,kmo,Papunesia,-4.08721,142.664,,Kwoma_kwom1262,parabank,Kwoma kwom1262.txt,,20170125,,
p_kyakakyak1244,Kyaka,kyak1244,Kyaka,kyc,Papunesia,-5.52462,144.119,Nuclear Trans New Guinea,Kyaka_kyak1244,parabank,Kyaka kyak1244.txt,,20161205,,
p_laiwuilaiw1239,Laiwui,laiw1239,Laiwui,,Papunesia,NA,NA,Austronesian,Laiwui_laiw1239,parabank,Laiwui laiw1239.txt,,20161209,,
p_lalomeruilalo1239,Lalomerui,lalo1239,Lalomerui,,Papunesia,NA,NA,Austronesian,Lalomerui_lalo1239,parabank,Lalomerui lalo1239.txt,,20161209,,
p_lamahalotlama1277,Lamaholot,lama1277,Lamaholot,slp,Papunesia,-8.36439,122.803,Austronesian,Lamahalot_lama1277,parabank,Lamahalot lama1277.txt,,20170628,,
p_lametinmere1242,Merei,mere1242,Merei,lmb,Papunesia,-15.2839,166.905,Austronesian,Lametin_mere1242,parabank,Lametin mere1242.txt,,NA,,
p_lamogailamo1244,Lamogai,lamo1244,Lamogai,lmg,Papunesia,-5.87071,149.321,Austronesian,Lamogai_lamo1244,parabank,Lamogai lamo1244.txt,,20170110,,
p_landeweland1259,Landawe,land1259,Landawe,,Papunesia,NA,NA,Austronesian,Landewe_land1259,parabank,Landewe land1259.txt,,20161209,,
p_lardillard1243,Lardil,lard1243,Lardil,lbz,Australia,-16.56152,139.4343,,Lardil_lard1243,parabank,Lardil lard1243.txt,,20170501,,
p_larevatlare1249,Larevat,lare1249,Larevat,lrv,Papunesia,-16.1971,167.387,Austronesian,Larevat_lare1249,parabank,Larevat lare1249.txt,,20171025,,
p_latinlati1261a,Latin,lati1261,Latin,lat,Eurasia,41.9026,12.4502,Indo-European,Latin_lati1261a,parabank,Latin lati1261.txt,,20161124,,
p_laujelauj1238,Lauje,lauj1238,Lauje,law,Papunesia,0.50708,120.262,Austronesian,Lauje_lauj1238,parabank,Lauje lauj1238.txt,,20161207,,
p_laulauu1247,Lau,lauu1247,Lau,llu,Papunesia,-8.51018,160.872,Austronesian,Lau_lauu1247,parabank,Lau lauu1247.txt,,NA,,
p_lavatburalamusongkonobinlava1239,Lavatbura-Lamusong,lava1239,Lavatbura-Lamusong,lbv,Papunesia,-3.21903,151.728,Austronesian,Lavatbura-lamusong_(Konobin)_lava1239,parabank,Lavatbura-lamusong (Konobin) lava1239.txt,,20170326,,
p_lelepalele1267,Lelepa,lele1267,Lelepa,lpa,Papunesia,-17.6042,168.202,Austronesian,Lelepa_lele1267,parabank,Lelepa lele1267.txt,,20171108,,
p_lenakellena1238,Lenakel,lena1238,Lenakel,tnl,Papunesia,-19.4763,169.261,Austronesian,Lenakel_lena1238,parabank,Lenakel lena1238.txt,,20170530,,
p_letemboirepanbitiplete1241,Letemboi-Repanbitip,lete1241,Letemboi-Repanbitip,nms,Papunesia,-16.4339,167.566,Austronesian,Letemboi-Repanbitip_lete1241,parabank,Letemboi-Repanbitip lete1241.txt,,NA,"angk = third person singular possessive, gutami = first person possessive (my father), gutaman = second person possessive (your father), gutamangk = third person possessive (his/her father)",
p_lewolewo1242,Lewo,lewo1242,Lewo,lww,Papunesia,-16.7612,168.334,Austronesian,Lewo_lewo1242,parabank,Lewo lewo1242.txt,,20171113,,https://openresearch-repository.anu.edu.au/handle/1885/132959
p_limilnganlimi1242,Limilngan-Wulna,limi1242,Limilngan-Wulna,,,NA,NA,,Limilngan_limi1242,parabank,Limilngan limi1242.txt,,20161205,,
p_lisulisu1250a,Lisu,lisu1250,Lisu,lis,Eurasia,26.91,98.94,Sino-Tibetan,Lisu_lisu1250a,parabank,Lisu lisu1250a.txt,,NA,,
p_lisulisu1250b,Lisu,lisu1250,Lisu,lis,Eurasia,26.91,98.94,Sino-Tibetan,Lisu_lisu1250b,parabank,Lisu lisu1250b.txt,,NA,,
p_lisulisu1250c,Lisu,lisu1250,Lisu,lis,Eurasia,26.91,98.94,Sino-Tibetan,Lisu_lisu1250c,parabank,Lisu lisu1250c.txt,,NA,,
p_lisulisu1250d,Lisu,lisu1250,Lisu,lis,Eurasia,26.91,98.94,Sino-Tibetan,Lisu_lisu1250d,parabank,Lisu lisu1250d.txt,,NA,,
p_lolodalabalodalolo1264,Loloda-Laba,lolo1264,Loloda-Laba,loa,Papunesia,1.95461,127.772,,Loloda-Laba_(Loda)_lolo1264,parabank,Loloda-Laba (Loda) lolo1264.txt,,20170612,Data incomplete and source word list requires interpretation,
p_loniuloni1238,Loniu,loni1238,Loniu,los,Papunesia,-2.06124,147.35,Austronesian,Loniu_loni1238,parabank,Loniu loni1238.txt,,20170601,,
p_lonwolwollonw1238,Lonwolwol,lonw1238,Lonwolwol,crc,Papunesia,-16.2286,168.016,Austronesian,Lonwolwol_lonw1238,parabank,Lonwolwol lonw1238.txt,,20171010,,
p_lotogalohloto1240,Lo-Toga,loto1240,Lo-Toga,lht,Papunesia,-13.334872,166.634338,Austronesian,Lo-Toga_(Loh)_loto1240,parabank,Lo-Toga (Loh) loto1240.txt,,20171101,,
p_luangiuaontongjavaonto1237,Luangiua,onto1237,Luangiua,ojv,Papunesia,-5.49029,159.701,Austronesian,Luangiua_(Ontong_Java)_onto1237,parabank,Luangiua (Ontong Java) onto1237.txt,,20170516,,
p_luburuakaralubu1242,Luburua,lubu1242,Luburua,,Papunesia,NA,NA,Austronesian,Luburua_(Kara)_lubu1242,parabank,Luburua (Kara) lubu1242.txt,,20170325,,
p_maanyanmaan1238,Ma'anyan,maan1238,Ma'anyan,mhy,Papunesia,-2.1239,115.092,Austronesian,Ma'anyan_maan1238,parabank,Ma'anyan maan1238.txt,,20170628,,
p_mabaindonesiamaba1278,Maba (Indonesia),maba1278,Maba (Indonesia),mqa,Papunesia,0.59011,128.418,Austronesian,Maba_(Indonesia)_maba1278,parabank,Maba (Indonesia) maba1278.txt,,20170612,Data incomplete and source word list requires interpretation,
p_madakkonnosmada1284,Madak linkage,mada1284,Madak linkage,,,NA,NA,Austronesian,Madak_(Konnos)_mada1284,parabank,Madak (Konnos) mada1284.txt,,20170326,,
p_madolemodo1249,Modole,modo1249,Modole,mqo,Papunesia,1.40199,127.752,,Madole_modo1249,parabank,Madole modo1249.txt,,20170612,Data incomplete and source word list requires interpretation,
p_maduresenucl1460,Madurese,nucl1460,Madurese,mad,Papunesia,-7,113,Austronesian,Madurese_nucl1460,parabank,Madurese nucl1460.txt,,20170718,,collectionscanada.gc.ca/obj/s4/f2/dsk2/ftp01/MQ37156.pdf
p_mafeamaveamafe1237,Mafea,mafe1237,Mafea,mkv,Papunesia,-15.4316,167.241,Austronesian,Mafea_(Mavea)_mafe1237,parabank,Mafea (Mavea) mafe1237.txt,,20171110,,
p_magammaga1262,Magam,maga1262,Magam,,Papunesia,NA,NA,Austronesian,Magam_maga1262,parabank,Magam maga1262.txt,,20171011,,
p_maguindanaomagindonaomoromagu1243,Maguindanao,magu1243,Maguindanao,mdh,Papunesia,6.9453,124.509,Austronesian,Maguindanao_(Magindonao_Moro)_magu1243,parabank,Maguindanao (Magindonao Moro) magu1243.txt,,20170406,,
p_maklewmakl1246,Maklew,makl1246,Maklew,mgf,Papunesia,-7.74424,139.273,,Maklew_makl1246,parabank,Maklew makl1246.txt,,NA,,
p_malganamalg1242a,Malgana,malg1242,Malgana,vml,Australia,-26.211,114.245,Pama-Nyungan,Malgana_malg1242a,parabank,Malgana malg1242.txt,,20161129,,
p_malimali1284,Mali,mali1284,Mali,gcc,Papunesia,-4.71826,152.214,,Mali_mali1284,parabank,Mali mali1284.txt,,20161129,,
p_maluabaymalu1245,Malua Bay,malu1245,Malua Bay,mll,Papunesia,-15.9813,167.208,Austronesian,Malua_Bay_malu1245,parabank,Malua Bay malu1245.txt,,20171026,,
p_manammana1295,Manam,mana1295,Manam,mva,Papunesia,-4.07921,145.033,Austronesian,Manam_mana1295,parabank,Manam mana1295.txt,,20170703,,
p_manangemana1288,Manange,mana1288,Manange,nmm,Eurasia,28.6416,84.0515,Sino-Tibetan,Manange_mana1288,parabank,Manange mana1288.txt,,20161201,,
p_mangaiamang1402,Mangaia,mang1402,Mangaia,,Papunesia,NA,NA,Austronesian,Mangaia_mang1402,parabank,Mangaia mang1402.txt,,20170518,,
p_mangarevamang1401,Mangareva,mang1401,Mangareva,mrv,Papunesia,-23.1095,-134.97,Austronesian,Mangareva_mang1401,parabank,Mangareva mang1401.txt,,20170517,,
p_mangeisobjomang1407,Mangei,mang1407,Mangei,,Papunesia,NA,NA,Austronesian,Mangei_(Sobjo)_mang1407,parabank,Mangei (Sobjo) mang1407.txt,,20170608,Data incomplete and source word list requires interpretation,
p_manggaraimang1405,Manggarai,mang1405,Manggarai,mqy,Papunesia,-8.55748,120.329,Austronesian,Manggarai_mang1405,parabank,Manggarai mang1405.txt,,NA,,
p_maorimaor1246,Māori,maor1246,Maori,mri,Papunesia,-38.2881,176.541,Austronesian,Maori_maor1246,parabank,Maori maor1246.txt,,NA,"pronouns my or mine: ta´-ku(sing.), a´-ku(pl.)",
p_maragustapemara1399,Maragus,mara1399,Maragus,mrs,Papunesia,-16.0695,167.33,Austronesian,Maragus_(Tape)_mara1399,parabank,Maragus (Tape) mara1399.txt,,20171205,,
p_maranaolanaomoromara1404,Maranao,mara1404,Maranao,mrw,Papunesia,7.79414,124.175,Austronesian,Maranao_(Lanao_Moro)_mara1404,parabank,Maranao (Lanao Moro) mara1404.txt,,20170406,,
p_marindnucl1622,Marind,nucl1622,Marind,mrz,Papunesia,-8.15651,140.009,,Marind_nucl1622,parabank,Marind nucl1622.txt,,20180413,,
p_marquesasmarq1246,Marquesan,marq1246,Marquesan,,,NA,NA,Austronesian,Marquesas_marq1246,parabank,Marquesas marq1246.txt,,20170517,,
p_marshallesemars1254,Marshallese,mars1254,Marshallese,mah,Papunesia,8.72,167.73,Austronesian,Marshallese_mars1254,parabank,Marshallese mars1254.txt,,20170703,,
p_maskelynesmask1242,Maskelynes,mask1242,Maskelynes,klv,Papunesia,-16.5073,167.818,Austronesian,Maskelynes_mask1242,parabank,Maskelynes mask1242.txt,,20171204,,
p_matukarmatu1261,Matukar,matu1261,Matukar,mjk,Papunesia,-4.9078,145.779,Austronesian,Matukar_matu1261,parabank,Matukar matu1261.txt,,NA,,
p_maybratmaib1239,Maybrat-Karon,maib1239,Maybrat-Karon,ayz,Papunesia,-1.3679,132.591,,Maybrat_maib1239,parabank,Maybrat maib1239.txt,,20161125,,
p_mblafembla1238,Mblafe,mbla1238,Mblafe,,Papunesia,NA,NA,,Mblafe_mbla1238,parabank,Mblafe mbla1238.txt,,20170322,,
p_mekeoeastmeke1243d,Mekeo,meke1243,Mekeo,mek,Papunesia,-8.23853,146.586,Austronesian,Mekeo_(East)_meke1243d,parabank,Mekeo (East) meke1243d.txt,,NA,,
p_mekeonorthmeke1243c,Mekeo,meke1243,Mekeo,mek,Papunesia,-8.23853,146.586,Austronesian,Mekeo_(North)_meke1243c,parabank,Mekeo (North) meke1243c.txt,,NA,,
p_mekeonorthwestmeke1243a,Mekeo,meke1243,Mekeo,mek,Papunesia,-8.23853,146.586,Austronesian,Mekeo_(North-West)_meke1243a,parabank,Mekeo (North-West) meke1243a.txt,,NA,,
p_mekeowestmeke1243b,Mekeo,meke1243,Mekeo,mek,Papunesia,-8.23853,146.586,Austronesian,Mekeo_(West)_meke1243b,parabank,Mekeo (West) meke1243b.txt,,NA,,
p_mekonggameko1237,Mekongga,meko1237,Mekongga,,Papunesia,NA,NA,Austronesian,Mekongga_meko1237,parabank,Mekongga meko1237.txt,,20161209,,
p_melefilaifiramelemele1250,Mele-Fila,mele1250,Mele-Fila,mxe,Papunesia,-17.6841,168.275,Austronesian,Mele-Fila_(Ifira-Mele)_mele1250,parabank,Mele-Fila (Ifira-Mele) mele1250.txt,,20170620,,
p_menuimenu1237,Menui,menu1237,Menui,,Papunesia,NA,NA,Austronesian,Menui_menu1237,parabank,Menui menu1237.txt,,20161209,,
p_mereimere1242,Merei,mere1242,Merei,lmb,Papunesia,-15.2839,166.905,Austronesian,Merei_mere1242,parabank,Merei mere1242.txt,,20161130,,
p_meriammeri1244,Meriam,meri1244,Meriam,ulk,Papunesia,-9.59575,143.773,,Meriam_meri1244,parabank,Meriam meri1244.txt,,20170321,,
p_merlavmerl1237,Merlav,merl1237,Merlav,mrm,Papunesia,-14.450679,168.053527,Austronesian,Merlav_merl1237,parabank,Merlav merl1237.txt,,20180109,,
p_meyahmeya1236,Meyah,meya1236,Meyah,mej,Papunesia,-1.18016,133.618,,Meyah_meya1236,parabank,Meyah meya1236.txt,,20161130,,
p_minangkabaumina1268,Minangkabau,mina1268,Minangkabau,min,Papunesia,-0.896,100.44,Austronesian,Minangkabau_mina1268,parabank,Minangkabau mina1268.txt,,20170705,,
p_miningirlungamini1251,Minigir,mini1251,Minigir,vmg,Papunesia,-4.31803,152.005,Austronesian,Miningir_(Lunga)_mini1251,parabank,Miningir (Lunga) mini1251.txt,,20170628,,
p_monoalumono1273,Mono-Alu,mono1273,Mono-Alu,mte,Papunesia,-7.05102,155.76,Austronesian,Mono-Alu_mono1273,parabank,Mono-Alu mono1273.txt,,20170402,,
p_morgan1871amazuluamazulukafirzulu1248,Zulu,zulu1248,Zulu,zul,Africa,-28.9,30.2,Atlantic-Congo,Morgan1871_Amazulu_(Amazulu_Kafir)_zulu1248,parabank,Morgan1871 Amazulu (Amazulu Kafir) zulu1248.txt,,NA,,
p_morgan1871anahnelingrosventresofprairiegros1243,Gros Ventre,gros1243,Gros Ventre,ats,North America,48.4834,-108.738,Algic,Morgan1871_An-ah'-ne-lin_(Gros_Ventres_of_Prairie)_gros1243,parabank,Morgan1871 An-ah'-ne-lin (Gros Ventres of Prairie) gros1243.txt,,NA,,
p_morgan1871arikaraarickareearik1262,Arikara,arik1262,Arikara,ari,North America,45,-100,,Morgan1871_Arikara_(Arickaree)_arik1262,parabank,Morgan1871 Arikara (Arickaree) arik1262.txt,,NA,,
p_morgan1871assiniboineasiniboineassi1247,Assiniboine,assi1247,Assiniboine,asb,North America,49.2923,-106.068,,Morgan1871_Assiniboine_(Asiniboine)_assi1247,parabank,Morgan1871 Assiniboine (Asiniboine) assi1247.txt,,NA,,
p_morgan1871baffininuktituteskimonorthumberlandinletbaff1241,Baffin Inuktitut,baff1241,Baffin Inuktitut,,North America,NA,NA,,"Morgan1871_Baffin_Inuktitut_(Eskimo,_Northumberland_Inlet)_baff1241",parabank,"Morgan1871 Baffin Inuktitut (Eskimo, Northumberland Inlet) baff1241.txt",,NA,,
p_morgan1871bengalibeng1280,Bengali,beng1280,Bengali,ben,Eurasia,24,90,Indo-European,Morgan1871_Bengâli_beng1280,parabank,Morgan1871 Bengâli beng1280.txt,,NA,,
p_morgan1871bloodsiksikabloodblackfootbloo1239,Blood,bloo1239,Blood,,North America,NA,NA,Algic,Morgan1871_Blood_Siksika_(Blood_Blackfoot)_bloo1239,parabank,Morgan1871 Blood Siksika (Blood Blackfoot) bloo1239.txt,,NA,,
p_morgan1871burmeseburm1266,Burmish,burm1266,Burmish,,,NA,NA,Sino-Tibetan,Morgan1871_Burmese_burm1266,parabank,Morgan1871 Burmese burm1266.txt,,NA,,
p_morgan1871canaresenucl1305,Kannada,nucl1305,Kannada,kan,Eurasia,13.5878,76.1198,Dravidian,Morgan1871_Canarese_nucl1305,parabank,Morgan1871 Canarese nucl1305.txt,,NA,,
p_morgan1871cayugacayu1261,Cayuga,cayu1261,Cayuga,cay,North America,42.41,-76.5969,,Morgan1871_Cayuga_cayu1261,parabank,Morgan1871 Cayuga cayu1261.txt,,NA,,
p_morgan1871cherokeecher1273,Cherokee,cher1273,Cherokee,chr,North America,35.4664,-83.163,,Morgan1871_Cherokee_cher1273,parabank,Morgan1871 Cherokee cher1273.txt,,NA,,
p_morgan1871chibchanewgranadachib1270,Chibcha,chib1270,Chibcha,chb,South America,6.24999,-74.1666,,Morgan1871_Chibcha_(New_Granada)_chib1270,parabank,Morgan1871 Chibcha (New Granada) chib1270.txt,,NA,,
p_morgan1871chickasachic1270,Chickasaw,chic1270,Chickasaw,cic,North America,34,-88,,Morgan1871_Chickasa_chic1270,parabank,Morgan1871 Chickasa chic1270.txt,,NA,,
p_morgan1871chinesesini1245,Sinitic,sini1245,Sinitic,,,NA,NA,Sino-Tibetan,Morgan1871_Chinese_sini1245,parabank,Morgan1871 Chinese sini1245.txt,,NA,,
p_morgan1871choctaw1choc1276,Choctaw,choc1276,Choctaw,cho,North America,32.25,-88.5,,Morgan1871_Choctaw_(1)_choc1276,parabank,Morgan1871 Choctaw (1) choc1276.txt,,NA,,
p_morgan1871choctaw2choc1276,Choctaw,choc1276,Choctaw,cho,North America,32.25,-88.5,,Morgan1871_Choctaw_(2)_choc1276,parabank,Morgan1871 Choctaw (2) choc1276.txt,,NA,,
p_morgan1871creekcree1270,Creek,cree1270,Creek,mus,North America,31,-87.5,,Morgan1871_Creek_cree1270,parabank,Morgan1871 Creek cree1270.txt,,NA,,
p_morgan1871creeofthelowlandscree1272,Cree,cree1272,Cree,cre,North America,NA,NA,Algic,Morgan1871_Cree_of_the_Lowlands_cree1272,parabank,Morgan1871 Cree of the Lowlands cree1272.txt,,NA,,
p_morgan1871crowcrow1244,Crow,crow1244,Crow,cro,North America,45.368,-107.874,,Morgan1871_Crow_crow1244,parabank,Morgan1871 Crow crow1244.txt,,NA,,
p_morgan1871dakotablackfootlako1247,Lakota,lako1247,Lakota,lkt,North America,46.3699,-103.95,,Morgan1871_Dakota_Blackfoot_lako1247,parabank,Morgan1871 Dakota: Blackfoot lako1247.txt,,NA,,
p_morgan1871dakotabrulebrul1239,Brulé,brul1239,Brulé,,North America,NA,NA,,Morgan1871_Dakota_Brule_brul1239,parabank,Morgan1871 Dakota: Brule brul1239.txt,,NA,,
p_morgan1871dakotaisauntiedako1258,Dakota,dako1258,Dakota,dak,North America,47.6857,-102.12,,Morgan1871_Dakota_Isauntie_dako1258,parabank,Morgan1871 Dakota: Isauntie dako1258.txt,,NA,,
p_morgan1871dakotaogalallalako1247,Lakota,lako1247,Lakota,lkt,North America,46.3699,-103.95,,Morgan1871_Dakota_Ogalalla_lako1247,parabank,Morgan1871 Dakota: Ogalalla lako1247.txt,,NA,,
p_morgan1871dakotasissetondako1258,Dakota,dako1258,Dakota,dak,North America,47.6857,-102.12,,Morgan1871_Dakota_Sisseton_dako1258,parabank,Morgan1871 Dakota: Sisseton dako1258.txt,,NA,,
p_morgan1871dakotauncpapalako1247,Lakota,lako1247,Lakota,lkt,North America,46.3699,-103.95,,Morgan1871_Dakota_Uncpapa_lako1247,parabank,Morgan1871 Dakota: Uncpapa lako1247.txt,,NA,,
p_morgan1871dakotayanktonaisdako1258,Dakota,dako1258,Dakota,dak,North America,47.6857,-102.12,,Morgan1871_Dakota_Yanktonais_dako1258,parabank,Morgan1871 Dakota: Yanktonais dako1258.txt,,NA,,
p_morgan1871dakotayanktondako1258,Dakota,dako1258,Dakota,dak,North America,47.6857,-102.12,,Morgan1871_Dakota_Yankton_dako1258,parabank,Morgan1871 Dakota: Yankton dako1258.txt,,NA,,
p_morgan1871delawarecomm1246,Common Delaware,comm1246,Common Delaware,del,North America,NA,NA,Algic,Morgan1871_Delaware_comm1246,parabank,Morgan1871 Delaware comm1246.txt,,NA,,
p_morgan1871etchemiuormalisetemale1293,Malecite,male1293,Malecite,,North America,NA,NA,Algic,"Morgan1871_Etchemiu,_or_Malisete_male1293",parabank,"Morgan1871 Etchemiu, or Malisete male1293.txt",,NA,,
p_morgan1871grandpawneepawn1254,Pawnee,pawn1254,Pawnee,paw,North America,36.2862,-96.8937,,Morgan1871_Grand_Pawnee_pawn1254,parabank,Morgan1871 Grand Pawnee pawn1254.txt,,NA,,
p_morgan1871gujaratiguja1252,Gujarati,guja1252,Gujarati,guj,Eurasia,22.687,71.0962,Indo-European,Morgan1871_Gujarati_guja1252,parabank,Morgan1871 Gujarati guja1252.txt,,NA,,
p_morgan1871hareindiansortanatinnehare1243,Slaveyic,hare1243,Slaveyic,,,NA,NA,,Morgan1871_Hare_Indians_or_Tä-nä'-tin-ne_hare1243,parabank,Morgan1871 Hare Indians or Tä-nä'-tin-ne hare1243.txt,,NA,,
p_morgan1871hawaiianhawa1245,Hawaiian,hawa1245,Hawaiian,haw,Papunesia,19.6297,-155.43,Austronesian,Morgan1871_Hawaiian_hawa1245,parabank,Morgan1871 Hawaiian hawa1245.txt,,NA,,
p_morgan1871hindihind1269,Hindi,hind1269,Hindi,hin,Eurasia,25,77,Indo-European,Morgan1871_Hindi_hind1269,parabank,Morgan1871 Hindi hind1269.txt,,NA,,
p_morgan1871iowaiowa1245,Iowa-Oto,iowa1245,Iowa-Oto,iow,North America,40.0511,-95.5213,,Morgan1871_Iowä_iowa1245,parabank,Morgan1871 Iowä iowa1245.txt,,NA,,
p_morgan1871japanesejapa1256,Japanesic,japa1256,Japanesic,,,NA,NA,,Morgan1871_Japanese_japa1256,parabank,Morgan1871 Japanese japa1256.txt,,NA,,
p_morgan1871kalaallisuteskimogreenlandkala1399,Kalaallisut,kala1399,Kalaallisut,kal,North America,69.3761,-52.864,,"Morgan1871_Kalaallisut_(Eskimo,_Greenland)_kala1399",parabank,"Morgan1871 Kalaallisut (Eskimo, Greenland) kala1399.txt",,NA,,
p_morgan1871karenkare1337,Karenic,kare1337,Karenic,,,NA,NA,Sino-Tibetan,Morgan1871_Karen_kare1337,parabank,Morgan1871 Karen kare1337.txt,,NA,,
p_morgan1871karenpwodialectpwoo1239,Pwo,pwoo1239,Pwo,,,NA,NA,Sino-Tibetan,Morgan1871_Karen_(Pwo_dialect)_pwoo1239,parabank,Morgan1871 Karen (Pwo dialect) pwoo1239.txt,,NA,,
p_morgan1871karensgaudialectsgaw1245,S'gaw Karen,sgaw1245,S'gaw Karen,ksw,Eurasia,17.9872,97.7126,Sino-Tibetan,Morgan1871_Karen_(Sgau_dialect)_sgaw1245,parabank,Morgan1871 Karen (Sgau dialect) sgaw1245.txt,,NA,,
p_morgan1871kaskaskiaalgo1255,Algonquin,algo1255,Algonquin,alq,North America,47.3876,-77.5258,Algic,Morgan1871_Kaskaskia_algo1255,parabank,Morgan1871 Kaskaskia algo1255.txt,,NA,,
p_morgan1871kawkans1243,Kansa,kans1243,Kansa,ksk,North America,36.8044,-96.8571,,Morgan1871_Kaw_kans1243,parabank,Morgan1871 Kaw kans1243.txt,,NA,,
p_morgan1871kickapookikapookick1244,Kickapoo,kick1244,Kickapoo,kic,North America,41.655145,-89.03034,Algic,Morgan1871_Kickapoo_(Kikapoo)_kick1244,parabank,Morgan1871 Kickapoo (Kikapoo) kick1244.txt,,NA,,
p_morgan1871kingsmillislandsgilb1244,Gilbertese,gilb1244,Gilbertese,gil,Papunesia,-1.34,176.44,Austronesian,Morgan1871_Kings_Mill_Islands_gilb1244,parabank,Morgan1871 Kings Mill Islands gilb1244.txt,,NA,,
p_morgan1871kootenaykute1249,Kutenai,kute1249,Kutenai,kut,North America,48.7892,-115.065,,Morgan1871_Kootenay_kute1249,parabank,Morgan1871 Kootenay kute1249.txt,,NA,,
p_morgan1871kusaienkosr1238,Kosraean,kosr1238,Kosraean,kos,Papunesia,5.31,162.98,Austronesian,Morgan1871_Kusaien_kosr1238,parabank,Morgan1871 Kusaien kosr1238.txt,,NA,,
p_morgan1871kutchinorlouchieuxgwic1235,Gwich'in,gwic1235,Gwich'in,gwi,North America,67.4307,-142.963,,"Morgan1871_Kǔtchin,_or_Louchieux_gwic1235",parabank,"Morgan1871 Kǔtchin, or Louchieux gwic1235.txt",,NA,,
p_morgan1871lagunawest2632,Western Keres,west2632,Western Keres,kjq,North America,34.9733,-107.517,,Morgan1871_Laguna_west2632,parabank,Morgan1871 Laguna west2632.txt,,NA,,
p_morgan1871mandanmand1446,Mandan,mand1446,Mandan,mhq,North America,47.6631,-102.376,,Morgan1871_Mandan_mand1446,parabank,Morgan1871 Mandan mand1446.txt,,NA,,
p_morgan1871maorimaor1246,Māori,maor1246,Maori,mri,Papunesia,-38.2881,176.541,Austronesian,Morgan1871_Maori_maor1246,parabank,Morgan1871 Maori maor1246.txt,,NA,,
p_morgan1871marathimara1378,Marathi,mara1378,Marathi,mar,Eurasia,17.9344,76.6665,Indo-European,Morgan1871_Marâthî_mara1378,parabank,Morgan1871 Marâthî mara1378.txt,,NA,,
p_morgan1871menominemeno1252,Menominee,meno1252,Menominee,mez,North America,44.9794,-88.6395,Algic,Morgan1871_Menomine_meno1252,parabank,Morgan1871 Menomine meno1252.txt,,NA,,
p_morgan1871miamimiam1252,Miami,miam1252,Miami,mia,North America,40,-90,Algic,Morgan1871_Miami_miam1252,parabank,Morgan1871 Miami miam1252.txt,,NA,,
p_morgan1871miemacmikm1235,Mi'kmaq,mikm1235,Mi'kmaq,mic,North America,45.9941,-65.5766,Algic,Morgan1871_Miemac_mikm1235,parabank,Morgan1871 Miemac mikm1235.txt,,NA,,
p_morgan1871minnitareehida1246,Hidatsa,hida1246,Hidatsa,hid,North America,47.7534,-102.528,,Morgan1871_Minnitaree_hida1246,parabank,Morgan1871 Minnitaree hida1246.txt,,NA,,
p_morgan1871mohawkmoha1258,Mohawk,moha1258,Mohawk,moh,North America,43.72,-74.66836,,Morgan1871_Mohawk_moha1258,parabank,Morgan1871 Mohawk moha1258.txt,,NA,,
p_morgan1871moheganmohe1244,Mohegan-Montauk-Narragansett,mohe1244,Mohegan-Montauk-Narragansett,mof,North America,41.8581,-72.1701,Algic,Morgan1871_Mohegan_mohe1244,parabank,Morgan1871 Mohegan mohe1244.txt,,NA,,
p_morgan1871mountaincherokeecher1273,Cherokee,cher1273,Cherokee,chr,North America,35.4664,-83.163,,Morgan1871_Mountain_Cherokee_cher1273,parabank,Morgan1871 Mountain Cherokee cher1273.txt,,NA,,
p_morgan1871munseemuns1251,Munsee,muns1251,Munsee,umu,North America,42.5968,-81.9166,Algic,Morgan1871_Munsee_muns1251,parabank,Morgan1871 Munsee muns1251.txt,,NA,,
p_morgan1871ojibwakansasojib1241,Ojibwa,ojib1241,Ojibwa,,,NA,NA,Algic,Morgan1871_Ojibwa_Kansas_ojib1241,parabank,Morgan1871 Ojibwa: Kansas ojib1241.txt,,NA,,
p_morgan1871ojibwalakehuronojib1241,Ojibwa,ojib1241,Ojibwa,,,NA,NA,Algic,Morgan1871_Ojibwa_Lake_Huron_ojib1241,parabank,Morgan1871 Ojibwa: Lake Huron ojib1241.txt,,NA,,
p_morgan1871ojibwalakemichiganuppe1274,Upper Michigan-Wisconsin Chippewa,uppe1274,Upper Michigan-Wisconsin Chippewa,,North America,NA,NA,Algic,Morgan1871_Ojibwa_Lake_Michigan_uppe1274,parabank,Morgan1871 Ojibwa: Lake Michigan uppe1274.txt,,NA,,
p_morgan1871ojibwalakesuperiorojib1241,Ojibwa,ojib1241,Ojibwa,,,NA,NA,Algic,Morgan1871_Ojibwa_Lake_Superior_ojib1241,parabank,Morgan1871 Ojibwa: Lake Superior ojib1241.txt,,NA,,
p_morgan1871okinakenokan1243,Okanagan,okan1243,Okanagan,oka,North America,49.2745,-119.294,Salishan,Morgan1871_Okinaken_okan1243,parabank,Morgan1871 Okinaken okan1243.txt,,NA,,
p_morgan1871omahaomah1247,Omaha-Ponca,omah1247,Omaha-Ponca,oma,North America,42.0944,-96.5295,,Morgan1871_Omahä_omah1247,parabank,Morgan1871 Omahä omah1247.txt,,NA,,
p_morgan1871oneidaonei1249,Oneida,onei1249,Oneida,one,North America,43.438742,-75.708106,,Morgan1871_Oneida_onei1249,parabank,Morgan1871 Oneida onei1249.txt,,NA,,
p_morgan1871onondagaonon1246,Onondaga,onon1246,Onondaga,ono,North America,42.92,-76.12,,Morgan1871_Onondaga_onon1246,parabank,Morgan1871 Onondaga onon1246.txt,,NA,,
p_morgan1871osageosag1243,Osage,osag1243,Osage,osa,North America,36.7828,-96.2949,,Morgan1871_Osage_osag1243,parabank,Morgan1871 Osage osag1243.txt,,NA,,
p_morgan1871otoeotoo1241,Oto,otoo1241,Oto,,North America,NA,NA,,Morgan1871_Otoe_otoo1241,parabank,Morgan1871 Otoe otoo1241.txt,,NA,,
p_morgan1871ottawaotawaotta1242,Ottawa,otta1242,Ottawa,otw,North America,44.5988,-83.226,Algic,Morgan1871_Ottawa_(Otǎwa)_otta1242,parabank,Morgan1871 Ottawa (Otǎwa) otta1242.txt,,NA,,
p_morgan1871peoriapeor1238,Peoria,peor1238,Peoria,,North America,NA,NA,Algic,Morgan1871_Peoria_peor1238,parabank,Morgan1871 Peoria peor1238.txt,,NA,,
p_morgan1871pianeshawmiam1252,Miami,miam1252,Miami,mia,North America,40,-90,Algic,Morgan1871_Pianeshaw_miam1252,parabank,Morgan1871 Pianeshaw miam1252.txt,,NA,,
p_morgan1871piegansiksikapieganblackfootpieg1239,Piegan,pieg1239,Piegan,,North America,NA,NA,Algic,Morgan1871_Piegan_Siksika_(Piegan_Blackfoot)_pieg1239,parabank,Morgan1871 Piegan Siksika (Piegan Blackfoot) pieg1239.txt,,NA,,
p_morgan1871plainscreecreeoftheprairieplai1258,Plains Cree,plai1258,Plains Cree,crk,North America,51.2437,-110.463,Algic,Morgan1871_Plains_Cree_(Cree_of_the_Prairie)_plai1258,parabank,Morgan1871 Plains Cree (Cree of the Prairie) plai1258.txt,,NA,,
p_morgan1871potawatomipotawattamiepota1247,Potawatomi,pota1247,Potawatomi,pot,North America,40.955,-89.1881,Algic,Morgan1871_Potawatomi_(Potǎwattamie)_pota1247,parabank,Morgan1871 Potawatomi (Potǎwattamie) pota1247.txt,,NA,,
p_morgan1871punkaponc1241,Ponca,ponc1241,Ponca,,North America,NA,NA,,Morgan1871_Punkä_ponc1241,parabank,Morgan1871 Punkä ponc1241.txt,,NA,,
p_morgan1871redknifeortalsoteenadogr1252,Dogrib,dogr1252,Dogrib,dgr,North America,62.3823,-114.193,,"Morgan1871_Red-knife,_or_Täl-sote'e-nä_dogr1252",parabank,"Morgan1871 Red-knife, or Täl-sote'e-nä dogr1252.txt",,NA,,
p_morgan1871republicanpawneepawn1254,Pawnee,pawn1254,Pawnee,paw,North America,36.2862,-96.8937,,Morgan1871_Republican_Pawnee_pawn1254,parabank,Morgan1871 Republican Pawnee pawn1254.txt,,NA,,
p_morgan1871sawkandfoxmesk1242,Meskwaki,mesk1242,Meskwaki,sac,North America,44,-89,Algic,Morgan1871_Sawk_and_Fox_mesk1242,parabank,Morgan1871 Sawk and Fox mesk1242.txt,,NA,,
p_morgan1871senecasene1264,Seneca,sene1264,Seneca,see,North America,42.56,-77.53,,Morgan1871_Seneca_sene1264,parabank,Morgan1871 Seneca sene1264.txt,,NA,,
p_morgan1871shawneeshaw1249,Shawnee,shaw1249,Shawnee,sjw,North America,40,-83,Algic,Morgan1871_Shawnee_shaw1249,parabank,Morgan1871 Shawnee shaw1249.txt,,NA,,
p_morgan1871shiyanchey1247,Cheyenne,chey1247,Cheyenne,chy,North America,45.5321,-106.659,Algic,Morgan1871_Shiyan_chey1247,parabank,Morgan1871 Shiyan chey1247.txt,,NA,,
p_morgan1871slavelakeindiansorachaotinneslav1253,Slave,slav1253,Slave,den,North America,NA,NA,,Morgan1871_Slave_Lake_Indians_or_A-cha'o-tin-ne_slav1253,parabank,Morgan1871 Slave Lake Indians or A-cha'o-tin-ne slav1253.txt,,NA,,
p_morgan1871spokanespok1245,Spokane,spok1245,Spokane,spo,North America,47.9087,-118.062,Salishan,Morgan1871_Spokäne_spok1245,parabank,Morgan1871 Spokäne spok1245.txt,,NA,,
p_morgan1871tabascochontalchontaltabascotaba1266,Tabasco Chontal,taba1266,Tabasco Chontal,chf,North America,18.1713,-92.7367,,Morgan1871_Tabasco_Chontal_(Chontal_Tabasco)_taba1266,parabank,Morgan1871 Tabasco Chontal (Chontal Tabasco) taba1266.txt,,NA,,
p_morgan1871tamiltami1289,Tamil,tami1289,Tamil,tam,Eurasia,10.520219,78.825989,Dravidian,Morgan1871_Tamil_tami1289,parabank,Morgan1871 Tamil tami1289.txt,,NA,,
p_morgan1871telugutelu1262,Telugu,telu1262,Telugu,tel,Eurasia,16.4529,78.7024,Dravidian,Morgan1871_Telugu_telu1262,parabank,Morgan1871 Telugu telu1262.txt,,NA,,
p_morgan1871tesuquetesu1245,Tesuque,tesu1245,Tesuque,,North America,NA,NA,,Morgan1871_Tesuque_tesu1245,parabank,Morgan1871 Tesuque tesu1245.txt,,NA,,
p_morgan1871tukuthegwic1235,Gwich'in,gwic1235,Gwich'in,gwi,North America,67.4307,-142.963,,Morgan1871_Tukuthe_gwic1235,parabank,Morgan1871 Tukuthe gwic1235.txt,,NA,,
p_morgan1871tuscaroratusc1257,Tuscarora,tusc1257,Tuscarora,tus,North America,43.1303,-79.4214,,Morgan1871_Tuscarora_tusc1257,parabank,Morgan1871 Tuscarora tusc1257.txt,,NA,,
p_morgan1871twomountainiroquioslaur1250,Laurentian,laur1250,Laurentian,lre,North America,45.33,-72.5,,Morgan1871_Two_Mountain_Iroquios_laur1250,parabank,Morgan1871 Two Mountain Iroquios laur1250.txt,,NA,,
p_morgan1871utahstabegwachesutes1238,Ute-Southern Paiute,utes1238,Ute-Southern Paiute,ute,North America,40.0965,-110.305,Uto-Aztecan,Morgan1871_Utahs_(Tabegwaches)_utes1238,parabank,Morgan1871 Utahs (Tabegwaches) utes1238.txt,,NA,,
p_morgan1871weawnucl1653,Nuclear Miami,nucl1653,Nuclear Miami,,North America,NA,NA,Algic,Morgan1871_Weaw_nucl1653,parabank,Morgan1871 Weaw nucl1653.txt,,NA,,
p_morgan1871westerncanadianinuktituteskimowestofhudsonsbaywest2618,Western Canadian Inuktitut,west2618,Western Canadian Inuktitut,ikt,North America,64.3486,-96.148,,"Morgan1871_Western_Canadian_Inuktitut_(Eskimo,_West_of_Hudson's_Bay)_west2618",parabank,"Morgan1871 Western Canadian Inuktitut (Eskimo, West of Hudson's Bay) west2618.txt",,NA,,
p_morgan1871winnebagoewinn1245,Winnebago-Chiwere,winn1245,Winnebago-Chiwere,,,NA,NA,,Morgan1871_Winnebagoe_winn1245,parabank,Morgan1871 Winnebagoe winn1245.txt,,NA,,
p_morgan1871woodscreecreeofthewoodswood1236,Woods Cree,wood1236,Woods Cree,cwd,North America,57,-99,Algic,Morgan1871_Woods_Cree_(Cree_of_the_Woods)_wood1236,parabank,Morgan1871 Woods Cree (Cree of the Woods) wood1236.txt,,NA,,
p_morgan1871wyandotewyan1247,Huron-Wyandot,wyan1247,Huron-Wyandot,wya,North America,44.33,-77.5,,Morgan1871_Wyandote_wyan1247,parabank,Morgan1871 Wyandote wyan1247.txt,,NA,,
p_morgan1871yakamayaki1237,Northwest Sahaptin,yaki1237,Northwest Sahaptin,yak,North America,46.2655,-120.756,,Morgan1871_Yakama_yaki1237,parabank,Morgan1871 Yakama yaki1237.txt,,NA,,
p_moriatasmori1269,Mori Atas,mori1269,Mori Atas,mzq,Papunesia,-2.2555,121.035,Austronesian,Mori_Atas_mori1269,parabank,Mori Atas mori1269.txt,,20161209,,
p_moribawahmori1268,Mori Bawah,mori1268,Mori Bawah,xmz,Papunesia,-2.56016,121.37,Austronesian,Mori_Bawah_mori1268,parabank,Mori Bawah mori1268.txt,,20161209,,
p_moronenemoro1287,Moronene,moro1287,Moronene,mqn,Papunesia,-4.62361,121.824,Austronesian,Moronene_moro1287,parabank,Moronene moro1287.txt,,20161209,,
p_mortlockesemort1237,Mortlockese,mort1237,Mortlockese,mrl,Papunesia,5.50735,153.710778,Austronesian,Mortlockese_mort1237,parabank,Mortlockese mort1237.txt,,20170705,,
p_motamota1237,Mota,mota1237,Mota,mtt,Papunesia,-13.835361,167.690924,Austronesian,Mota_mota1237,parabank,Mota mota1237.txt,,20170705,,
p_motumotu1246,Motu,motu1246,Motu,meu,Papunesia,-9.67492,147.424,Austronesian,Motu_motu1246,parabank,Motu motu1246.txt,,20170705,,
p_moukmouk1240,Mouk,mouk1240,Mouk,,Papunesia,NA,NA,Austronesian,Mouk_mouk1240,parabank,Mouk mouk1240.txt,,20170109,,
p_muduapavitumudu1242,Muduapa,mudu1242,Muduapa,wiv,Papunesia,-4.69751,149.489,Austronesian,Muduapa_(Vitu)_mudu1242,parabank,Muduapa (Vitu) mudu1242.txt,,2017024,his/her = -na,
p_munamuna1247,Muna,muna1247,Muna,mnb,Papunesia,-5.40419,122.541,Austronesian,Muna_muna1247,parabank,Muna muna1247.txt,,20170706,,
p_munggavarennellmung1271,Munggava,mung1271,Munggava,,Papunesia,NA,NA,Austronesian,Munggava_(Rennell)_mung1271,parabank,Munggava (Rennell) mung1271.txt,,20170511,hai- prefix to most of the basic kinship terms indicating a reciprocal relationship between the base and closely associate kin (reciprocate),
p_mungikibellonamung1270,Mungiki,mung1270,Mungiki,,Papunesia,NA,NA,Austronesian,Mungiki_(Bellona)_mung1270,parabank,Mungiki (Bellona) mung1270.txt,,NA,,
p_murrinhpathamurr1258,Murriny Patha,murr1258,Murriny Patha,mwf,Australia,-14.74852,129.70152,,Murrinhpatha_murr1258,parabank,Murrinhpatha_murr1258.txt,,20191111,,
p_mussauemiramuss1246,Mussau-Emira,muss1246,Mussau-Emira,emi,Papunesia,-1.44105,149.624,Austronesian,Mussau-Emira_muss1246,parabank,Mussau-Emira muss1246.txt,,20170706,,
p_mwotlapmotl1237,Mwotlap,motl1237,Mwotlap,mlv,Papunesia,-13.655015,167.706277,Austronesian,Mwotlap_motl1237,parabank,Mwotlap motl1237.txt,,20180109,,
p_nafsansout2856,South Efate,sout2856,South Efate,erk,Papunesia,-17.7006,168.377,Austronesian,Nafsan_sout2856,parabank,Nafsan sout2856.txt,,NA,"Nafsan informants Marinette Kalpram, Joel Kalpram. Note, the labial-velar is officially written with a tilde over a ‘p’ but I don’t have that keyboard function so am using ‘kp’.",
p_nagenage1237,Nage,nage1237,Nage,nxe,Papunesia,-8.70513,121.31,Austronesian,Nage_nage1237,parabank,Nage nage1237.txt,,2017024,,
p_nahavaqsout2857,Nahavaq,sout2857,Nahavaq,sns,Papunesia,-16.5116,167.477,Austronesian,Nahavaq_sout2857,parabank,Nahavaq sout2857.txt,,20170706,,
p_nakanainaka1262,Nakanai,naka1262,Nakanai,nak,Papunesia,-5.59931,150.888,Austronesian,Nakanai_naka1262,parabank,Nakanai naka1262.txt,,20170704,,
p_naliklukuramaunali1244,Nalik,nali1244,Nalik,nal,Papunesia,-2.94411,151.332,Austronesian,Nalik_(Lukuramau)_nali1244,parabank,Nalik (Lukuramau) nali1244.txt,,20170326,,
p_nalikmadinanali1244b,Nalik,nali1244,Nalik,nal,Papunesia,-2.94411,151.332,Austronesian,Nalik_(Madina)_nali1244b,parabank,Nalik (Madina) nali1244b.txt,,NA,,
p_namakuranama1268,Namakura,nama1268,Namakura,nmk,Papunesia,-16.8979,168.569,Austronesian,Namakura_nama1268,parabank,Namakura nama1268.txt,,NA,,
p_namakuranama1268b,Namakura,nama1268,Namakura,nmk,Papunesia,-16.8979,168.569,Austronesian,Namakura_nama1268b,parabank,Namakura nama1268b.txt,,NA,,
p_namanama1266,Nama (Papua New Guinea),nama1266,Nama (Papua New Guinea),nmx,Papunesia,-8.66403,141.706,,Nama_nama1266,parabank,Nama nama1266.txt,,20170119,,
p_namanlitz1237,Naman,litz1237,Naman,lzl,Papunesia,-16.1331,167.415,Austronesian,Naman_litz1237,parabank,Naman litz1237.txt,,20171025,,
p_nambonamb1293,Nambo,namb1293,Nambo,ncm,Papunesia,-8.74501,141.931,,Nambo_namb1293,parabank,Nambo namb1293.txt,,NA,,
p_nanggunang1262,Nanggu,nang1262,Nanggu,ngr,Papunesia,-10.7441,165.887,Austronesian,Nanggu_nang1262,parabank,Nanggu nang1262.txt,,20170706,,
p_negwayagwoiayagw1240,Yagwoia,yagw1240,Yagwoia,ygw,Papunesia,-7.14042,145.854,,Negwa_(Yagwoia)_yagw1240,parabank,Negwa (Yagwoia) yagw1240.txt,,20170127,,
p_nehanneha1247,Nehan,neha1247,Nehan,nsn,Papunesia,-4.56875,154.2,Austronesian,Nehan_neha1247,parabank,Nehan neha1247.txt,,20170707,,
p_nemeneme1244,Neme,neme1244,Neme,nex,Papunesia,-8.44877,141.849,,Neme_neme1244,parabank,Neme neme1244.txt,,NA,,
p_nengoneneng1238,Nengone,neng1238,Nengone,nen,Papunesia,-21.5305,167.964,Austronesian,Nengone_neng1238,parabank,Nengone neng1238.txt,,20170404,,
p_nennenn1238,Nen,nenn1238,Nen,nqn,Papunesia,-8.62183,142.032,,Nen_nenn1238,parabank,Nen nenn1238.txt,,NA,,
p_nennenn1238a,Nen,nenn1238,Nen,nqn,Papunesia,-8.62183,142.032,,Nen_nenn1238a,parabank,Nen nenn1238a.txt,,NA,,
p_nesenese1235,Nese,nese1235,Nese,,Papunesia,-15.952608,167.222769,Austronesian,Nese_nese1235,parabank,Nese nese1235.txt,,20170707,,
p_neveeivinm1237,Neve'ei,vinm1237,Neve'ei,vnm,Papunesia,-16.2253,167.427,Austronesian,Neve'ei_vinm1237,parabank,Neve'ei vinm1237.txt,,20171025,,
p_neveeivinm1237a,Neve'ei,vinm1237,Neve'ei,vnm,Papunesia,-16.2253,167.427,Austronesian,Neve'ei_vinm1237a,parabank,Neve'ei vinm1237a.txt,,NA,,
p_neververling1265,Neverver,ling1265,Neverver,lgk,Papunesia,-16.1986,167.499,Austronesian,Neverver_ling1265,parabank,Neverver ling1265.txt,,20171027,,
p_ngunangun1274,Nguna,ngun1274,Nguna,,Papunesia,NA,NA,Austronesian,Nguna_ngun1274,parabank,Nguna ngun1274.txt,,20180123,,
p_niuafoouniua1240,Niuafo'ou,niua1240,Niuafo'ou,num,Papunesia,-15.6014,-175.64,Austronesian,Niuafo'ou_niua1240,parabank,Niuafo'ou niua1240.txt,,20181015,,https://glottolog.org/resource/reference/id/104176
p_niueniue1239,Niuean,niue1239,Niuean,niu,Papunesia,-19.06,-169.86,Austronesian,Niue_niue1239,parabank,Niue niue1239.txt,,NA,,
p_northambrymnort2839,North Ambrym,nort2839,North Ambrym,mmg,Papunesia,-16.1741,168.14,Austronesian,North_Ambrym_nort2839,parabank,North Ambrym nort2839.txt,,20180117,,
p_northefatengunanakanamanganort2836,North Efate,nort2836,North Efate,llp,Papunesia,-17.5774,168.375,Austronesian,"North_Efate_(Nguna,_Nakanamanga)_nort2836",parabank,"North Efate (Nguna, Nakanamanga) nort2836.txt",,20180109,,
p_northtannanort2847,North Tanna,nort2847,North Tanna,tnn,Papunesia,-19.3733,169.303,Austronesian,North_Tanna_nort2847,parabank,North Tanna nort2847.txt,,20180215,,
p_numbaminumb1247,Numbami,numb1247,Numbami,sij,Papunesia,-7.52806,147.298,Austronesian,Numbami_numb1247,parabank,Numbami numb1247.txt,,20170709,,http://faroutliers.blogspot.de/2008/10/numbami-kinship-terminology-png.html
p_nyawayginyaw1247,Nyawaygi,nyaw1247,Nyawaygi,nyt,Australia,-18.8743,146.216,Pama-Nyungan,Nyawaygi_nyaw1247,parabank,Nyawaygi nyaw1247.txt,,20170321,,
p_nyulnyulnyul1247,Nyulnyul,nyul1247,Nyulnyul,nyv,Australia,-16.9129,122.851,,Nyulnyul_nyul1247,parabank,Nyulnyul nyul1247.txt,,20161130,,
p_olalolal1237,Olal,olal1237,Olal,,Papunesia,NA,NA,Austronesian,Olal_olal1237,parabank,Olal olal1237.txt,,20180123,,
p_oldjavanesekawikawi1241,Kawi,kawi1241,Kawi,kaw,Papunesia,-7,111,Austronesian,Old_Javanese_(Kawi)_kawi1241,parabank,Old Javanese (Kawi) kawi1241.txt,,20170709,,
p_oldraparaparapa1245,Old Rapa,rapa1245,Mangaia-Old Rapa,ray,Papunesia,-27.6304,-144.338,Austronesian,Old_Rapa_(Rapa)_rapa1245,parabank,Old Rapa (Rapa) rapa1245.txt,,20170518,,
p_owasantaanaowaa1237,Owa,owaa1237,Owa,stn,Papunesia,-10.82553,162.30467,Austronesian,Owa_(Santa_Ana)_owaa1237,parabank,Owa (Santa Ana) owaa1237.txt,,20170716,,
p_pacohpaco1243,Pacoh,paco1243,Pacoh,pac,Eurasia,16.3353,107.094,Austroasiatic,Pacoh_paco1243,parabank,Pacoh paco1243.txt,,20161121,,
p_padoepado1242,Padoe,pado1242,Padoe,pdo,Papunesia,-2.60642,121.236,Austronesian,Padoe_pado1242,parabank,Padoe pado1242.txt,,20161209,,
p_pagupagu1249,Pagu,pagu1249,Pagu,pgu,Papunesia,1.2134,127.78,,Pagu_pagu1249,parabank,Pagu pagu1249.txt,,20170612,Data incomplete and source word list requires interpretation,
p_paicipaic1239,Paicî,paic1239,Paicî,pri,Papunesia,-21.096,165.15,Austronesian,Paici_paic1239,parabank,Paici paic1239.txt,,NA,"Orthography doesn't show tones. For explanation of orthography, see Rivierre, C.-J. 1983. Dictionnaire paicî-français, suivi d'un lexique français-paici. Paris, SELAF.",
p_paiwanpaiw1248,Paiwan,paiw1248,Paiwan,pwn,Papunesia,22.3271,120.806,Austronesian,Paiwan_paiw1248,parabank,Paiwan paiw1248.txt,,20170709,,
p_palauanpala1344,Palauan,pala1344,Palauan,pau,Papunesia,7.34138,134.476678,Austronesian,Palauan_pala1344,parabank,Palauan pala1344.txt,,20170710,,
p_paluaibalu1257,Paluai,balu1257,Paluai,blq,Papunesia,-2.5604,147.282,Austronesian,Paluai_balu1257,parabank,Paluai balu1257.txt,,NA,,
p_pamapaamanesepaam1238,Paama,paam1238,Paama,pma,Papunesia,-16.47548,168.23693,Austronesian,Pama_(Paamanese)_paam1238,parabank,Pama (Paamanese) paam1238.txt,,NA,,
p_pampangakampampanganpamp1243,Pampanga,pamp1243,Pampanga,pam,Papunesia,14.9603,120.502,Austronesian,Pampanga_(Kampampangan)_pamp1243,parabank,Pampanga (Kampampangan) pamp1243.txt,,20170621,,
p_pangasinanpang1290,Pangasinan,pang1290,Pangasinan,pag,Papunesia,15.9377,120.365,Austronesian,Pangasinan_pang1290,parabank,Pangasinan pang1290.txt,,20170711,,
p_patanipata1260,Patani,pata1260,Patani,ptn,Papunesia,0.34096,128.634,Austronesian,Patani_pata1260,parabank,Patani pata1260.txt,,20170612,Data incomplete and source word list requires interpretation,
p_pendaupend1242,Pendau,pend1242,Pendau,ums,Papunesia,-0.11396,119.862,Austronesian,Pendau_pend1242,parabank,Pendau pend1242.txt,,20161207,,
p_penrhyntongarevapenr1237,Māngarongaro,penr1237,Māngarongaro,pnh,Papunesia,-9.082238,-157.922908,Austronesian,Penrhyn_(Tongareva)_penr1237,parabank,Penrhyn (Tongareva) penr1237.txt,,20170518,,
p_petapatajetaje1237a,Taje,taje1237,Taje,pee,Papunesia,-0.72583,120.078,Austronesian,Petapa_Taje_taje1237a,parabank,Petapa Taje taje1237a.txt,,NA,,
p_pohnpeianpohn1238,Pohnpeian,pohn1238,Pohnpeian,pon,Papunesia,6.87212,158.223,Austronesian,Pohnpeian_pohn1238,parabank,Pohnpeian pohn1238.txt,,20170711,,
p_pohnpeianpohn1238a,Pohnpeian,pohn1238,Pohnpeian,pon,Papunesia,6.87212,158.223,Austronesian,Pohnpeian_pohn1238a,parabank,Pohnpeian pohn1238a.txt,,NA,,
p_portsandwichport1285,Port Sandwich,port1285,Port Sandwich,psw,Papunesia,-16.4952,167.78,Austronesian,Port_Sandwich_port1285,parabank,Port Sandwich port1285.txt,,20171108,,
p_prakaaprak1243,Prakaa,prak1243,Prakaa,,Eurasia,NA,NA,Sino-Tibetan,Prakaa_prak1243,parabank,Prakaa prak1243.txt,,20161201,,
p_protooceanicocea1241,Oceanic,ocea1241,Oceanic,,,NA,NA,Austronesian,Proto-Oceanic_ocea1241,parabank,Proto-Oceanic ocea1241.txt,,NA,,http://press-files.anu.edu.au/downloads/press/p69411/mobile/ch03s02.html
p_protosogeramsoge1235,Sogeram,soge1235,Sogeram,,,NA,NA,Nuclear Trans New Guinea,Proto_Sogeram_soge1235,parabank,Proto_Sogeram_soge1235.txt,,NA,,
p_pukapukapuka1242,Pukapuka,puka1242,Pukapuka,pkp,Papunesia,-10.91,-165.83,Austronesian,Pukapuka_puka1242,parabank,Pukapuka puka1242.txt,,NA,,
p_puluwatesepuluwatpulu1242,Puluwatese,pulu1242,Puluwatese,puw,Papunesia,7.35695,149.2005,Austronesian,Puluwatese_(Puluwat)_pulu1242,parabank,Puluwatese (Puluwat) pulu1242.txt,,20170401,,
p_raderhaderade1240,Rade,rade1240,Rade,rad,Eurasia,12.979,108.41,Austronesian,Rade_(Rhade)_rade1240,parabank,Rade (Rhade) rade1240.txt,,20170530,,
p_ragahanohano1246,Hano,hano1246,Hano,lml,Papunesia,-15.5432,168.167,Austronesian,Raga_(Hano)_hano1246,parabank,Raga (Hano) hano1246.txt,,20170712,,
p_ragahanothomasenneverhano1246b,Hano,hano1246,Hano,lml,Papunesia,-15.5432,168.167,Austronesian,Raga_(Hano_Thomas_Ennever)_hano1246b,parabank,Raga (Hano Thomas Ennever) hano1246b.txt,,NA,,
p_rahambuuraha1237,Rahambuu,raha1237,Rahambuu,raz,Papunesia,-3.24627,121.059,Austronesian,Rahambuu_raha1237,parabank,Rahambuu raha1237.txt,,20161209,,
p_rakahangamanihikiraka1237,Rakahanga-Manihiki,raka1237,Rakahanga-Manihiki,rkh,Papunesia,-10.03,-161.09,Austronesian,Rakahanga-Manihiki_raka1237,parabank,Rakahanga-Manihiki raka1237.txt,,NA,,
p_rangioranwtuamotustuam1242,Tuamotuan,tuam1242,Tuamotuan,pmt,Papunesia,-16.17259,-146.321755,Austronesian,Rangiora_(NW_Tuamotus)_tuam1242,parabank,Rangiora (NW Tuamotus) tuam1242.txt,,20170518,,
p_rapanuieasterislandrapa1244,Rapanui,rapa1244,Rapanui,rap,Papunesia,-27.113,-109.342,Austronesian,Rapanui_(Easter_Island)_rapa1244,parabank,Rapanui (Easter Island) rapa1244.txt,,20170517,,
p_rarotongancookislandsmaoriraro1241,Southern Cook Island Maori,raro1241,Southern Cook Island Maori,rar,Papunesia,-21.23,-159.78,Austronesian,Rarotongan_(Cook_Islands_Maori)_raro1241,parabank,Rarotongan (Cook Islands Maori) raro1241.txt,,20170602,,
p_ratagnonrata1245,Ratagnon,rata1245,Ratagnon,btn,Papunesia,12.2785,121.187,Austronesian,Ratagnon_rata1245,parabank,Ratagnon rata1245.txt,,20170616,,
p_rejangrejangesereja1240,Rejang,reja1240,Rejang,rej,Papunesia,-3.33056,102.434,Austronesian,Rejang_(Rejangese)_reja1240,parabank,Rejang (Rejangese) reja1240.txt,,20170713,,
p_riantanarian1263,Riantana,rian1263,Riantana,ran,Papunesia,-7.50746,138.484,,Riantana_rian1263,parabank,Riantana rian1263.txt,,20170322,,
p_riukbekatidayakbeka1241,Riuk Bekati',beka1241,Riuk Bekati',bei,Papunesia,1.3307,109.576,Austronesian,Riuk_Bekati'_(Dayak)_beka1241,parabank,Riuk Bekati' (Dayak) beka1241.txt,,20170614,,
p_rotokasroto1249,Rotokas,roto1249,Rotokas,roo,Papunesia,-5.94339,155.154,,Rotokas_roto1249,parabank,Rotokas roto1249.txt,,20190717,,
p_rotumanrotu1241,Rotuman,rotu1241,Rotuman,rtm,Papunesia,-12.5008,177.066,Austronesian,Rotuman_rotu1241,parabank,Rotuman rotu1241.txt,,20170713,,
p_routarout1237,Routa,rout1237,Routa,,Papunesia,NA,NA,Austronesian,Routa_rout1237,parabank,Routa rout1237.txt,,20161209,,
p_rovianarovi1238,Roviana,rovi1238,Roviana,rug,Papunesia,-8.20493,157.408,Austronesian,Roviana_rovi1238,parabank,Roviana rovi1238.txt,,20170714,,
p_russianruss1263a,Russian,russ1263,Russian,rus,Eurasia,59,50,Indo-European,Russian_russ1263a,parabank,Russian russ1263.txt,,20180413,"Filled out by NE, needs checking by native speaker. Does not include archaic terms like сыновец / сыновеца for (man's) brother's son/daughter, it would be good to fill out a separate Russian sheet (or more than one) for earlier systems]",
p_saaroasaar1237,Saaroa,saar1237,Saaroa,sxr,Papunesia,23.2632,120.711,Austronesian,Saaroa_saar1237,parabank,Saaroa saar1237.txt,,20170621,,
p_samoansamo1305a,Samoan,samo1305,Samoan,smo,Papunesia,-13.92,-171.83,Austronesian,Samoan_samo1305a,parabank,Samoan samo1305.txt,,20170515,,
p_sangtamnagasang1321,Sangtam Naga,sang1321,Sangtam Naga,nsa,Eurasia,25.8581,94.6279,Sino-Tibetan,Sangtam_Naga_sang1321,parabank,Sangtam Naga sang1321.txt,,NA,Two clans use different terms wherever indecated by / . Cousin terminology depends on the birth order of speaker and cousin.,
p_saranganiblaansara1326,Sarangani Blaan,sara1326,Sarangani Blaan,bps,Papunesia,6.03691,125.354,Austronesian,Sarangani_Blaan_sara1326,parabank,Sarangani Blaan sara1326.txt,,NA,,
p_sasaaa1241,Sa,saaa1241,Sa,sax,Papunesia,-15.9534,168.228,Austronesian,Sa_saaa1241,parabank,Sa saaa1241.txt,,20180123,,
p_satawalesesata1237,Satawalese,sata1237,Satawalese,stw,Papunesia,7.36084,147.038,Austronesian,Satawalese_sata1237,parabank,Satawalese sata1237.txt,,20170717,,
p_sawaisawa1247,Sawai,sawa1247,Sawai,szw,Papunesia,0.51111,128.086,Austronesian,Sawai_sawa1247,parabank,Sawai sawa1247.txt,,20170612,Data incomplete and source word list requires interpretation,
p_sekeskeseke1241,Seke (Vanuatu),seke1241,Seke (Vanuatu),ske,Papunesia,-15.8839,168.197,Austronesian,Seke_(Ske)_seke1241,parabank,Seke (Ske) seke1241.txt,,20180109,,
p_senbareiunua1237,Unua,unua1237,Unua,onu,Papunesia,-16.2638,167.599,Austronesian,Senbarei_unua1237,parabank,Senbarei unua1237.txt,,NA,,
p_sherpasher1255,Solu-Khumbu Sherpa,sher1255,Solu-Khumbu Sherpa,xsr,Eurasia,27.674,86.9994,Sino-Tibetan,Sherpa_sher1255,parabank,Sherpa sher1255.txt,,20161201,,
p_siesyesiee1239,Sie,siee1239,Sie,erg,Papunesia,-18.8181,169.166,Austronesian,Sie_(Sye)_siee1239,parabank,Sie (Sye) siee1239.txt,,20161208,,
p_sikaianasika1261,Sikaiana,sika1261,Sikaiana,sky,Papunesia,-8.378194,162.72952,Austronesian,Sikaiana_sika1261,parabank,Sikaiana sika1261.txt,,20170717,,"Capell, Arthur. 1935, 1936, 1936, 1936, 1937. The Sikayana language: A preliminary grammar and vocabulary and a Sikayana vocabulary. Journal of the Polynesian Society 44, 45, 45, 45, 46. 163-172, 9-16, 67-73, 142-153, 24-31. AND: sikaianaarchives.com/ethnography/chapter-6/"
p_sikasika1262,Sika,sika1262,Sika,ski,Papunesia,-8.67302,122.38,Austronesian,Sika_sika1262,parabank,Sika sika1262.txt,,20170717,,
p_sonsorolsons1242,Sonsorol,sons1242,Sonsorol,sov,Papunesia,5.328596,132.221282,Austronesian,Sonsorol_sons1242,parabank,Sonsorol sons1242.txt,,20170712,,
p_sougbmani1235,Sougb,mani1235,Sougb,mnx,Papunesia,-1.49611,133.95,,Sougb_mani1235,parabank,Sougb mani1235.txt,,NA,,
p_southeastambrymsout2859,Southeast Ambrym,sout2859,Southeast Ambrym,tvk,Papunesia,-16.2975,168.211,Austronesian,Southeast_Ambrym_sout2859,parabank,Southeast Ambrym sout2859.txt,,NA,,
p_southeastbabarsout2883,Southeast Babar,sout2883,Southeast Babar,vbb,Papunesia,-7.94359,129.8,Austronesian,Southeast_Babar_sout2883,parabank,Southeast Babar sout2883.txt,,20170717,,
p_southefatesout2856a,South Efate,sout2856,South Efate,erk,Papunesia,-17.7006,168.377,Austronesian,South_Efate_sout2856a,parabank,South Efate sout2856a.txt,,NA,,
p_southtuvaluanvaitupusout2865,South Tuvaluan,sout2865,South Tuvaluan,,Papunesia,NA,NA,Austronesian,South_Tuvaluan_(Vaitupu)_sout2865,parabank,South Tuvaluan (Vaitupu) sout2865.txt,,20170516,,
p_southwesttannasout2869,Southwest Tanna,sout2869,Southwest Tanna,nwi,Papunesia,-19.57953,169.35603,Austronesian,Southwest_Tanna_sout2869,parabank,Southwest Tanna sout2869.txt,,20170717,,
p_sukisuki1245,Suki,suki1245,Suki,sui,Papunesia,-8.04783,141.842,,Suki_suki1245,parabank,Suki suki1245.txt,,20170322,,
p_sulafagudusula1245,Sula,sula1245,Sanana,szn,Papunesia,-2.30765,125.966,Austronesian,Sula_Fagudu_sula1245,parabank,Sula Fagudu sula1245.txt,,20170608,Data incomplete and source word list requires interpretation,
p_sulamangolimang1408,Mangole,mang1408,Mangole,mqc,Papunesia,-1.87941,125.822,Austronesian,Sula_Mangoli_mang1408,parabank,Sula Mangoli mang1408.txt,,20170608,Data incomplete and source word list requires interpretation,
p_sundanesesund1252,Sundanese,sund1252,Sundanese,sun,Papunesia,-6.89708,107.106,Austronesian,Sundanese_sund1252,parabank,Sundanese sund1252.txt,,20170718,,
p_sungagagemari1426i,Sunwadia,mari1426,Sunwadia,mrb,Papunesia,-14.970047,168.057941,Austronesian,Sungagage_mari1426i,parabank,Sungagage mari1426i.txt,,NA,,
p_sungwadagamari1426b,Sunwadia,mari1426,Sunwadia,mrb,Papunesia,-14.970047,168.057941,Austronesian,Sungwadaga_mari1426b,parabank,Sungwadaga mari1426b.txt,,NA,,
p_sungwadiamari1426a,Sunwadia,mari1426,Sunwadia,mrb,Papunesia,-14.970047,168.057941,Austronesian,Sungwadia_mari1426a,parabank,Sungwadia mari1426a.txt,,NA,,
p_sungwalogenalembaedwardmari1426g,Sunwadia,mari1426,Sunwadia,mrb,Papunesia,-14.970047,168.057941,Austronesian,Sungwaloge_(Nalemba_Edward)_mari1426g,parabank,Sungwaloge (Nalemba Edward) mari1426g.txt,,NA,,
p_sungwalogenalembasimeonetarimari1426f,Sunwadia,mari1426,Sunwadia,mrb,Papunesia,-14.970047,168.057941,Austronesian,Sungwaloge_(Nalemba_Simeone_Tari)_mari1426f,parabank,Sungwaloge (Nalemba Simeone_Tari) mari1426f.txt,,NA,,
p_sungwalogenavenvenemari1426d,Sunwadia,mari1426,Sunwadia,mrb,Papunesia,-14.970047,168.057941,Austronesian,Sungwaloge_(Navenvene)_mari1426d,parabank,Sungwaloge (Navenvene) mari1426d.txt,,NA,,
p_sungwalogetautamari1426e,Sunwadia,mari1426,Sunwadia,mrb,Papunesia,-14.970047,168.057941,Austronesian,Sungwaloge_(Tauta)_mari1426e,parabank,Sungwaloge (Tauta) mari1426e.txt,,NA,,
p_sungwalogetawetmari1426c,Sunwadia,mari1426,Sunwadia,mrb,Papunesia,-14.970047,168.057941,Austronesian,Sungwaloge_(Tawet)_mari1426c,parabank,Sungwaloge (Tawet) mari1426c.txt,,NA,,
p_sunwadiamari1426,Sunwadia,mari1426,Sunwadia,mrb,Papunesia,-14.970047,168.057941,Austronesian,Sunwadia_mari1426,parabank,Sunwadia mari1426.txt,,20180109,,
p_suzhoushan1293,Shanghainese,shan1293,Shanghainese,,Eurasia,31.222902,121.475372,Sino-Tibetan,Suzhou_shan1293,parabank,Suzhou shan1293.txt,,NA,,
p_suzhousuzh1234,Suzhou,suzh1234,Suzhou,,Eurasia,31.3280439,120.364116,Sino-Tibetan,Suzhou_suzh1234,parabank,Suzhou suzh1234.txt,,NA,,
p_tadyawantady1237,Tadyawan,tady1237,Tadyawan,tdy,Papunesia,13.0211,121.305,Austronesian,Tadyawan_tady1237,parabank,Tadyawan tady1237.txt,,20170616,,
p_tagalogtaga1270,Tagalog,taga1270,Tagalog,tgl,Papunesia,14.06,121.747,Austronesian,Tagalog_taga1270,parabank,Tagalog taga1270.txt,,20170406,,
p_tahitiantahi1242,Tahitian,tahi1242,Tahitian,tah,Papunesia,-17.6485,-149.45,Austronesian,Tahitian_tahi1242,parabank,Tahitian tahi1242.txt,,20170518,,
p_tajiotaji1246,Tajio,taji1246,Tajio,tdj,Papunesia,-0.31553,120.01,Austronesian,Tajio_taji1246,parabank,Tajio taji1246.txt,,20161207,,
p_takiataki1248,Takia,taki1248,Takia,tbc,Papunesia,-4.69057,145.975,Austronesian,Takia_taki1248,parabank,Takia taki1248.txt,,20170704,,
p_takuutaku1257,Takuu,taku1257,Takuu,nho,Papunesia,-4.773094,157.032085,Austronesian,Takuu_taku1257,parabank,Takuu taku1257.txt,,20161128,,
p_talibabutali1262,Taliabu,tali1262,Taliabu,tlv,Papunesia,-1.79516,124.869,Austronesian,Talibabu_tali1262,parabank,Talibabu tali1262.txt,,20170608,Data incomplete and source word list requires interpretation,
p_talisetolotali1259,Talise,tali1259,Talise,tlr,Papunesia,-9.76764,160.231,Austronesian,Talise_(Tolo)_tali1259,parabank,Talise (Tolo) tali1259.txt,,2017020,,
p_tamambomalo1243,Tamambo,malo1243,Tamambo,mla,Papunesia,-15.6835,167.16,Austronesian,Tamambo_malo1243,parabank,Tamambo malo1243.txt,,NA,,
p_tanampedagitajetaje1237b,Taje,taje1237,Taje,pee,Papunesia,-0.72583,120.078,Austronesian,Tanampedagi_Taje_taje1237b,parabank,Tanampedagi Taje taje1237b.txt,,NA,,
p_tangoamovonotang1347,Movono,tang1347,Movono,tgp,Papunesia,-15.5643,166.958,Austronesian,Tangoa_(Movono)_tang1347,parabank,Tangoa (Movono) tang1347.txt,,20180109,,
p_tasikotasi1237,Tasiko,tasi1237,Tasiko,,Papunesia,NA,NA,Austronesian,Tasiko_tasi1237,parabank,Tasiko tasi1237.txt,,20171010,,
p_taumakotaum1237,Taumako,taum1237,Taumako,,Papunesia,NA,NA,Austronesian,Taumako_taum1237,parabank,Taumako taum1237.txt,,20170515,,
p_tausugsulumorotaus1251,Tausug,taus1251,Tausug,tsg,Papunesia,5.12236,118.88,Austronesian,Tausug_(Sulu_Moro)_taus1251,parabank,Tausug (Sulu Moro) taus1251.txt,,20170406,,
p_tausugtaus1251a,Tausug,taus1251,Tausug,tsg,Papunesia,5.12236,118.88,Austronesian,Tausug_taus1251a,parabank,Tausug taus1251a.txt,,NA,,
p_teiwateiw1235,Teiwa,teiw1235,Teiwa,twe,Papunesia,-8.37662,124.174,,Teiwa_teiw1235,parabank,Teiwa teiw1235.txt,,20170621,,
p_tetumtetuntetu1245,Tetum,tetu1245,Tetum,tet,Papunesia,-9.11217,125.528,Austronesian,Tetum_(Tetun)_tetu1245,parabank,Tetum (Tetun) tetu1245.txt,,20170531,,
p_tetundilitetumtetu1246,Tetun Dili,tetu1246,Tetun Dili,tdt,Papunesia,-8.58405,125.583,Austronesian,Tetun_Dili_(Tetum)_tetu1246,parabank,Tetun Dili (Tetum) tetu1246.txt,,20170719,,
p_thaothao1240,Thao,thao1240,Thao,ssf,Papunesia,23.8333,120.93,Austronesian,Thao_thao1240,parabank,Thao thao1240.txt,,2017020,,
p_thayorekuukthaayorrethay1249,Thayore,thay1249,Thayore,thd,Australia,-14.8159,142.034,Pama-Nyungan,Thayore_(Kuuk_Thaayorre)_thay1249,parabank,Thayore (Kuuk Thaayorre) thay1249.txt,,20171211,,
p_tialetial1239,Tiale,tial1239,Tiale,mnl,Papunesia,-15.2334,166.842,Austronesian,Tiale_tial1239,parabank,Tiale tial1239.txt,,20161130,,
p_tialotominitomi1243,Tomini,tomi1243,Tomini,txm,Papunesia,0.42569,120.89,Austronesian,Tialo_(Tomini)_tomi1243,parabank,Tialo (Tomini) tomi1243.txt,,20161207,,
p_tidoreversion1tido1248,Tidore,tido1248,Tidore,tvo,Papunesia,0.02461,127.746,,Tidore_(version_1)_tido1248,parabank,Tidore (version 1) tido1248.txt,,20170612,Data incomplete and source word list requires interpretation,
p_tidoreversion2tido1248a,Tidore,tido1248,Tidore,tvo,Papunesia,0.02461,127.746,,Tidore_(version_2)_tido1248a,parabank,Tidore (version 2) tido1248a.txt,,NA,,
p_tigaktiga1245,Tigak,tiga1245,Tigak,tgc,Papunesia,-2.70951,150.893,Austronesian,Tigak_tiga1245,parabank,Tigak tiga1245.txt,,20170401,Kinship nouns al­ways have a possessive suffix.,
p_tikopiatiko1237a,Tikopia,tiko1237,Tikopia,tkp,Papunesia,-12.2766,168.822,Austronesian,Tikopia_tiko1237a,parabank,Tikopia tiko1237.txt,,NA,,
p_tiraxmaemaee1241,Tirax,maee1241,Tirax,mme,Papunesia,-15.9914,167.288,Austronesian,Tirax_(Mae)_maee1241,parabank,Tirax (Mae) maee1241.txt,,20180117,,
p_tirimeagrandcoulitiri1258,Tiri-Mea,tiri1258,Tiri-Mea,cir,Papunesia,-21.8147,165.792,Austronesian,Tiri-Mea_(Grand_Couli)_tiri1258,parabank,Tiri-Mea (Grand Couli) tiri1258.txt,,20170404,,
p_tokelautoke1240a,Tokelau,toke1240,Tokelau,tkl,Papunesia,-9.227642,-171.780833,Austronesian,Tokelau_toke1240a,parabank,Tokelau toke1240.txt,,20170516,,
p_tokotuakabaenakaba1285,Kabaena,kaba1285,Kabaena,,Papunesia,NA,NA,Austronesian,Tokotu'a_(Kabaena)_kaba1285,parabank,Tokotu'a (Kabaena) kaba1285.txt,,20161209,,
p_tokpisintokp1240,Tok Pisin,tokp1240,Tok Pisin,tpi,Papunesia,-9.41971,147.303,Indo-European,Tok_Pisin_tokp1240,parabank,Tok Pisin tokp1240.txt,,20170628,,
p_tolakitola1247,Tolaki,tola1247,Tolaki,lbw,Papunesia,-4.03577,121.888,Austronesian,Tolaki_tola1247,parabank,Tolaki tola1247.txt,,20161209,,
p_tomadinotoma1248,Tomadino,toma1248,Tomadino,tdi,Papunesia,-2.56493,121.944,Austronesian,Tomadino_toma1248,parabank,Tomadino toma1248.txt,,20161209,,
p_tombulutomb1243,Tombulu,tomb1243,Tombulu,tom,Papunesia,1.39715,124.754,Austronesian,Tombulu_tomb1243,parabank,Tombulu tomb1243.txt,,2017021,,
p_tongatongaislandstong1325,Tonga (Tonga Islands),tong1325,Tonga (Tonga Islands),ton,Papunesia,-21.17,-175.25,Austronesian,Tonga_(Tonga_Islands)_tong1325,parabank,Tonga (Tonga Islands) tong1325.txt,,NA,,
p_tonseatons1240,Tonsea,tons1240,Tonsea,txs,Papunesia,1.51393,125.052,Austronesian,Tonsea_tons1240,parabank,Tonsea tons1240.txt,,2017021,,http://makatana.blogspot.de/2009/06/kinship-term-in-tonsea-language.html
p_toqabaqitatoab1237,To'abaita,toab1237,To'abaita,mlu,Papunesia,-8.39233,160.619,Austronesian,Toqabaqita_toab1237,parabank,Toqabaqita toab1237.txt,,20161125,,
p_toretetore1237,Torete,tore1237,Torete,,Papunesia,NA,NA,Austronesian,Torete_tore1237,parabank,Torete tore1237.txt,,20161209,,
p_torresstraitcreolebrokentorr1261,Torres Strait Creole,torr1261,Torres Strait-Lockhart River Creole,tcs,Australia,-11.066,142.692,Indo-European,Torres_Strait_Creole_(Broken)_torr1261,parabank,Torres Strait Creole (Broken) torr1261.txt,,20170314,,
p_totolitoto1304,Totoli,toto1304,Totoli,txe,Papunesia,1.14995,120.875,Austronesian,Totoli_toto1304,parabank,Totoli toto1304.txt,,20161207,,
p_tubuaitubu1240,Tubuai,tubu1240,Tubuai,,Papunesia,NA,NA,Austronesian,Tubuai_tubu1240,parabank,Tubuai tubu1240.txt,,20170518,,
p_tucanoanbarawaim1255,Waimaha,waim1255,Waimaha,bao,South America,0.30416,-70.1644,,Tucanoan_Bará_waim1255,parabank,Tucanoan Bará waim1255.txt,,NA,,
p_tukangbesisouthtuka1249,Tukang Besi South,tuka1249,Tukang Besi South,bhq,Papunesia,-5.7478,123.948,Austronesian,Tukang_Besi_South_tuka1249,parabank,Tukang Besi South tuka1249.txt,,20170712,,
p_tulambatutula1253,Tulambatu,tula1253,Tulambatu,,Papunesia,NA,NA,Austronesian,Tulambatu_tula1253,parabank,Tulambatu tula1253.txt,,20161209,,
p_tungagtung1290,Tungag,tung1290,Tungag,lcm,Papunesia,-2.52188,150.198,Austronesian,Tungag_tung1290,parabank,Tungag tung1290.txt,,2017021,,https://www.google.de/search?q=tungag+kinship&ie=utf-8&oe=utf-8&client=firefox-b-ab&gfe_rd=cr&ei=TZNzWY-LLK_VXqPBssgN
p_turkishnucl1301,Turkish,nucl1301,Turkish,tur,Eurasia,39.8667,32.8667,Turkic,Turkish_nucl1301,parabank,Turkish nucl1301.txt,,20180413,"Turkish, data from Sıdıka Dursun",
p_turungturu1249,Turung,turu1249,Turung,try,Eurasia,26.3441,92.2676,Tai-Kadai,Turung_turu1249,parabank,Turung turu1249.txt,,20161121,a (/a-/) prefix denoting one's own relative. k- (/kə-/) prefix denoting another's relative,
p_tuvalunanumeatuva1244,Tuvalu,tuva1244,Tuvalu,tvl,Papunesia,-8.520813,179.198088,Austronesian,Tuvalu_(Nanumea)_tuva1244,parabank,Tuvalu (Nanumea) tuva1244.txt,,20170531,,
p_umajumankayanumaj1240,Uma Juman,umaj1240,Uma Juman,,Papunesia,NA,NA,Austronesian,Uma_Juman_(Kayan)_umaj1240,parabank,Uma Juman (Kayan) umaj1240.txt,,20170325,,
p_umiraydumagetagtaumir1236,Umiray Dumaget Agta,umir1236,Umiray Dumaget Agta,due,Papunesia,14.8757,121.508,Austronesian,Umiray_Dumaget_Agta_umir1236,parabank,Umiray Dumaget Agta umir1236.txt,,NA,,
p_unuaunua1237,Unua,unua1237,Unua,onu,Papunesia,-16.2638,167.599,Austronesian,Unua_unua1237,parabank,Unua unua1237.txt,,20171113,,
p_uradhiatampayaatam1239,Atampaya,atam1239,Atampaya,amz,Australia,-11.0018,142.273,Pama-Nyungan,Uradhi_(Atampaya)_atam1239,parabank,Uradhi (Atampaya) atam1239.txt,,NA,,
p_uraklawoiurak1238,Urak Lawoi',urak1238,Urak Lawoi',urk,Eurasia,7.5258,99.0768,Austronesian,Urak_Lawoi_urak1238,parabank,Urak Lawoi urak1238.txt,,20170601,,
p_uraurav1235,Ura (Vanuatu),urav1235,Ura (Vanuatu),uur,Papunesia,-18.6747,169.084,Austronesian,Ura_urav1235,parabank,Ura urav1235.txt,,20170105,,
p_uripivwalaranoatchinurip1239,Uripiv-Wala-Rano-Atchin,urip1239,Uripiv-Wala-Rano-Atchin,upv,Papunesia,-16.00951,167.34643,Austronesian,Uripiv-Wala-Rano-Atchin_urip1239,parabank,Uripiv-Wala-Rano-Atchin urip1239.txt,,20171027,,
p_vaekautaumakopile1238,Vaeakau-Taumako,pile1238,Vaeakau-Taumako,piv,Papunesia,-10.173335,166.247188,Austronesian,Vaekau-Taumako_pile1238,parabank,Vaekau-Taumako pile1238.txt,,2017022,,
p_vaovaoo1237,Vao,vaoo1237,Vao,vao,Papunesia,-15.898299,167.309973,Austronesian,Vao_vaoo1237,parabank,Vao vaoo1237.txt,,20171030,alternative column lists reference terms,
p_varisivari1239,Varisi,vari1239,Varisi,vrs,Papunesia,-6.83443,156.655,Austronesian,Varisi_vari1239,parabank,Varisi vari1239.txt,,2017022,,
p_veraavera1241,Vera'a,vera1241,Vera'a,vra,Papunesia,-13.892528,167.428701,Austronesian,Vera'a_vera1241,parabank,Vera'a vera1241.txt,,20180125,,
p_vuresvure1239,Vurës,vure1239,Vurës,msn,Papunesia,-13.905677,167.451412,Austronesian,Vures_vure1239,parabank,Vures vure1239.txt,,20171031,,
p_waiawaia1242,Waia (Bungku),waia1242,Waia (Bungku),,Papunesia,NA,NA,Austronesian,Waia_waia1242,parabank,Waia waia1242.txt,,20161209,,
p_wallisianeastuveawall1257,East Uvean,wall1257,East Uvean,wls,Papunesia,-13.2903,-176.207,Austronesian,Wallisian_(East_Uvea)_wall1257,parabank,Wallisian (East Uvea) wall1257.txt,,NA,,
p_wambayawamb1258,Wambayan,wamb1258,Wambayan,wmb,Australia,-17.496,135.683,,Wambaya_wamb1258,parabank,Wambaya wamb1258.txt,,20170109,,
p_wangkajungawang1288,Wangkajunga,wang1288,Wangkajunga,,Australia,NA,NA,Pama-Nyungan,Wangkajunga_wang1288,parabank,Wangkajunga wang1288.txt,,NA,,
p_wangkangurruwang1290a,Wangganguru,wang1290,Wangganguru,wgg,Australia,-25.8148,135.941,Pama-Nyungan,Wangkangurru_wang1290a,parabank,Wangkangurru wang1290.txt,,20170127,,
p_warlpiriwarl1254a,Warlpiri,warl1254,Warlpiri,wbp,Australia,-20.1008,131.05,Pama-Nyungan,Warlpiri_warl1254a,parabank,Warlpiri warl1254.txt,,NA,"Warlpiri language, Pama-Nyungan Family, informants Maggie Tukumba and Dudley Lawrence. General note: kin terms are normally suffixed with an appropriate possessive suffix, here only the 1sg 'my' -na is used (on disyllablic stem). ng = ŋ, ny = ɲ, rn = ɳ, j = c, rt = ʈ, rl = ɭ, rd = ɽ, rr = r, r = ɻ.",
p_warrnamboolwarr1257,Warrnambool,warr1257,Warrnambool,gjm,Australia,-38.15561291,141.5396585,Pama-Nyungan,Warrnambool_warr1257,parabank,Warrnambool warr1257.txt,,20161201,,
p_wartathuntaigunt1241,Warta Thuntai,gunt1241,Warta Thuntai,gnt,Papunesia,-8.80806,141.253,,Warta_Thuntai_gunt1241,parabank,Warta Thuntai gunt1241.txt,,NA,,
p_waruwaru1266,Waru,waru1266,Waru,wru,Papunesia,-3.412,122.058,Austronesian,Waru_waru1266,parabank,Waru waru1266.txt,,20161209,,
p_wathwurrungwath1238,Wathawurrung,wath1238,Wathawurrung,wth,Australia,-37.68777565,144.1013148,Pama-Nyungan,Wathwurrung_wath1238,parabank,Wathwurrung wath1238.txt,,20170106,,
p_watutwatu1246,Watut,watu1246,Watut,,,NA,NA,Austronesian,Watut_watu1246,parabank,Watut watu1246.txt,,NA,Cousin terminology depends on birth order of linking parent.,
p_wawoniiwawo1239,Wawonii,wawo1239,Wawonii,wow,Papunesia,-4.13587,123.1,Austronesian,Wawonii_wawo1239,parabank,Wawonii wawo1239.txt,,20161209,,
p_wedaweda1240,Weda,weda1240,Weda,,Papunesia,NA,NA,Austronesian,Weda_weda1240,parabank,Weda weda1240.txt,,20170612,Data incomplete and source word list requires interpretation,
p_wersingwers1238,Wersing,wers1238,Wersing,kvw,Papunesia,-8.33936,124.932,,Wersing_wers1238,parabank,Wersing wers1238.txt,,20170621,,
p_westcoastbajauwest2560,West Coast Bajau,west2560,West Coast Bajau,bdr,Papunesia,6.00631,116.124,Austronesian,West_Coast_Bajau_west2560,parabank,West Coast Bajau west2560.txt,,2017025,,
p_westernbukidnonmanobowest2555,Western Bukidnon Manobo,west2555,Western Bukidnon Manobo,mbb,Papunesia,7.6682,124.825,Austronesian,Western_Bukidnon_Manobo_west2555,parabank,Western Bukidnon Manobo west2555.txt,,20170703,,
p_westernpantarlamm1241,Western Pantar,lamm1241,Western Pantar,lev,Papunesia,-8.52787,124.057,,Western_Pantar_lamm1241,parabank,Western Pantar lamm1241.txt,,20170621,,
p_westerntawbuidbatanganwest2559,Western Tawbuid,west2559,Western Tawbuid,twb,Papunesia,12.8227,121.026,Austronesian,Western_Tawbuid_(Batangan)_west2559,parabank,Western Tawbuid (Batangan) west2559.txt,,20170616,,
p_westfutunawest2515,West Futuna,west2515,West Futuna,,Papunesia,NA,NA,Austronesian,West_Futuna_west2515,parabank,West Futuna west2515.txt,,20170511,,
p_westkewawest2599,West Kewa,west2599,West Kewa,kew,Papunesia,-6.32097,143.73,Nuclear Trans New Guinea,West_Kewa_west2599,parabank,West Kewa west2599.txt,,20170401,,
p_whitesandswhit1269,Whitesands,whit1269,Whitesands,tnp,Papunesia,-19.5019,169.381,Austronesian,Whitesands_whit1269,parabank,Whitesands whit1269.txt,,20180109,,
p_wipiwipi1242,Wipi,wipi1242,Wipi,gdr,Papunesia,-8.79741,143.064,,Wipi_wipi1242,parabank,Wipi wipi1242.txt,,NA,,
p_wiwiranowiwi1237,Wiwirano,wiwi1237,Wiwirano,,Papunesia,NA,NA,Austronesian,Wiwirano_wiwi1237,parabank,Wiwirano wiwi1237.txt,,20161209,,
p_wogeowoge1237,Wogeo,woge1237,Wogeo,woc,Papunesia,-3.20238,144.089,Austronesian,Wogeo_woge1237,parabank,Wogeo woge1237.txt,,2017024,,
p_woleaianwole1240,Woleaian,wole1240,Woleaian,woe,Papunesia,7.37957,143.916,Austronesian,Woleaian_wole1240,parabank,Woleaian wole1240.txt,,2017024,,
p_woliowoli1241,Wolio,woli1241,Wolio,wlo,Papunesia,-5.33,122.67,Austronesian,Wolio_woli1241,parabank,Wolio woli1241.txt,,2017024,,
p_xalangimaevovanuatumari1426h,Sunwadia,mari1426,Sunwadia,mrb,Papunesia,-14.970047,168.057941,Austronesian,Xalangi_(Maevo_Vanuatu)_mari1426h,parabank,Xalangi (Maevo Vanuatu) mari1426h.txt,,NA,,
p_xaracuucanalaxara1244,Xârâcùù,xara1244,Xârâcùù,ane,Papunesia,-21.7034,165.996,Austronesian,Xaracuu_(Canala)_xara1244,parabank,Xaracuu (Canala) xara1244.txt,,20170404,,
p_xibexibe1242,Xibe,xibe1242,Xibe,sjo,Eurasia,43.5854,81.0034,,Xibe_xibe1242,parabank,Xibe_xibe1242.txt,,20191210,,
p_yabemyabe1254,Yabem,yabe1254,Yabem,jae,Papunesia,-6.67052,147.81,Austronesian,Yabem_yabe1254,parabank,Yabem yabe1254.txt,,20170531,,
p_yadhaykenuyadh1237,Yadhaykenu,yadh1237,Yadhaykenu,,Australia,-11.314,142.725,Pama-Nyungan,Yadhaykenu_yadh1237,parabank,Yadhaykenu yadh1237.txt,,NA,,
p_yakanyaka1277,Yakan,yaka1277,Yakan,yka,Papunesia,6.531023,122.021729,Austronesian,Yakan_yaka1277,parabank,Yakan yaka1277.txt,,2017025,,
p_yalarnngayala1262a,Yalarnnga,yala1262,Yalarnnga,ylr,Australia,-21.731,139.511,Pama-Nyungan,Yalarnnga_yala1262a,parabank,Yalarnnga yala1262.txt,,20161125,,
p_yandruwandhayand1253a,Yandruwandha,yand1253,Yandruwandha,ynd,Australia,-28.4744,140.583,Pama-Nyungan,Yandruwandha_yand1253a,parabank,Yandruwandha yand1253.txt,,20161201,,
p_yeleyelidnyeyele1255,Yele,yele1255,Yele,yle,Papunesia,-11.3796,154.127,,Yele_(Yélî_Dnye)_yele1255,parabank,Yele (Yélî Dnye) yele1255.txt,,20170306,,http://www.jstor.org/stable/25132364
p_yelmekyelm1242,Yelmek,yelm1242,Southern Yelmek,jel,Papunesia,-7.4453,139.096,,Yelmek_yelm1242,parabank,Yelmek yelm1242.txt,,NA,,
p_yidinyyidi1250a,Yidiñ,yidi1250,Yidiñ,yii,Australia,-17.1332,145.876,Pama-Nyungan,Yidiny_yidi1250a,parabank,Yidiny yidi1250.txt,,20171206,,
p_yiryorontyiry1245,Yir-Yoront,yiry1245,Yir-Yoront,yiy,Australia,-15.1117,141.767,Pama-Nyungan,Yir-Yoront_yiry1245,parabank,Yir-Yoront yiry1245.txt,,20171211,,
p_yugambalyugambehyuga1244,Yugambal,yuga1244,Yugambal,yub,Australia,-27.803,153.082,Pama-Nyungan,Yugambal_(Yugambeh)_yuga1244,parabank,Yugambal (Yugambeh) yuga1244.txt,,20170109,,
p_yukultaganggalidagang1267a,Ganggalida,gang1267,Ganggalida,gcd,Australia,-17.5446,139.426,,Yukulta_(Ganggalida)_gang1267a,parabank,Yukulta (Ganggalida) gang1267a.txt,,NA,,
p_yuracareyura1255,Yuracaré,yura1255,Yuracaré,yuz,South America,-16.7479,-65.1224,,Yuracare_yura1255,parabank,Yuracare yura1255.txt,,20170220,,
p_zabanakiazaba1237,Zabana,zaba1237,Zabana,kji,Papunesia,-7.74311,158.753,Austronesian,Zabana_(Kia)_zaba1237,parabank,Zabana (Kia) zaba1237.txt,,20170627,,
p_lebanesearabicstan1323,Standard Lebanese Arabic,stan1323,Standard Lebanese Arabic,,Eurasia,34.17,36.05,Afro-Asiatic,Lebanese_Arabic_stan1323,parabank,Lebanese_Arabic_stan1323.csv,,NA,,
